date,exp,samp,purpose,flag,matrix,treatment,mo_seq,conc,abs1,abs2,abs3,abs4,co12,dev1_23,mean 23,dev1_23%,dev1_24,mean 24,dev1_24%,rsd13,rsd14,rsd24
10/27/2023,1,,carry_over,1,mq,no_sds,,blank_lo,0.00782,-0.00355,-0.005191,-0.005802,-0.01137,-0.0121905,-0.0043705,-155.889,-0.012667667,-0.004847667,-161.991,-2308.095538,-381.0687708,-24.02385086
10/27/2023,1,,carry_over,1,mq,no_sds,,45,0.439886,0.473902,0.484367,0.482728,7.732912618,0.0392485,0.4791345,8.922,0.040446333,0.480332333,9.195,4.990092816,4.410444052,1.171856816
10/27/2023,1,,carry_over,1,mq,no_sds,,blank_hi,0.009734,-0.002098,-0.006553,-0.004744,-0.011832,-0.0140595,-0.0043255,-144.437,-0.014199,-0.004465,-145.87,2331.672971,-801.0287727,-50.18065449
10/27/2023,2,,carry_over,1,mq,sample,,blank_lo,-0.00106,-0.004913,-0.003299,-0.001004,-0.003853,-0.003046,-0.004106,287.358,-0.002012,-0.003072,189.811,-62.60558862,-73.6972082,-63.94406668
10/27/2023,2,,carry_over,1,mq,sample,,45,0.435047,0.484821,0.464278,0.47183,11.44106269,0.0395025,0.4745495,9.08,0.038596,0.473643,8.872,5.421332911,4.543293554,2.193806372
10/27/2023,2,,carry_over,1,mq,sample,,blank_hi,0.020279,-0.005504,-0.00897,-0.006205,-0.025783,-0.027516,-0.007237,-135.687,-0.027172,-0.006893,-133.991,825.8715523,-13668.14767,-26.58589421
10/27/2023,3,,carry_over,1,mq,other,,blank_lo,0.011649,-0.008826,-0.008357,-0.003826,-0.020475,-0.0202405,-0.0085915,-173.753,-0.018652,-0.007003,-160.117,-633.6218327,-410.0284282,-39.43078538
10/27/2023,3,,carry_over,1,mq,other,,45,0.442278,0.471062,0.472276,0.462796,6.50812385,0.029391,0.471669,6.645,0.026433333,0.468711333,5.977,3.67629016,3.001843204,1.100606003
10/27/2023,3,,carry_over,1,mq,other,,blank_hi,0.004887,-0.00863,-0.004844,-0.002303,-0.013517,-0.011624,-0.006737,-237.856,-0.010146,-0.005259,-207.612,-243.6120499,-209.3769043,-60.5409779
10/27/2023,4,,carry_over,1,mq,other,,blank_lo,-0.009245,-0.010275,-0.006438,-0.003529,-0.00103,0.0008885,-0.0083565,-9.611,0.002497667,-0.006747333,-27.016,-22.95126965,-41.12810345,-50.14753703
10/27/2023,4,,carry_over,1,mq,other,,45,0.451983,0.472129,0.464088,0.467093,4.457247286,0.0161255,0.4681085,3.568,0.015787,0.46777,3.493,2.191562071,1.84602403,0.868594473
10/27/2023,4,,carry_over,1,mq,other,,blank_hi,0.010431,-0.005106,-0.009678,-0.004173,-0.015537,-0.017823,-0.007392,-170.866,-0.01675,-0.006319,-160.579,-726.4630623,-408.8021806,-46.62362945
10/27/2023,5,,carry_over,1,mq,AA,,blank_lo,-0.008255,-0.011289,-0.013776,-0.007422,-0.003034,-0.0042775,-0.0125325,51.817,-0.002574,-0.010829,31.181,-24.89507087,-28.60872307,-29.56763302
10/27/2023,5,,carry_over,1,mq,AA,,45,0.461061,0.471666,0.47257,0.486139,2.300129484,0.011057,0.472118,2.398,0.015730667,0.476791667,3.412,1.366204533,2.174087671,1.700457029
10/27/2023,5,,carry_over,1,mq,AA,,blank_hi,0.002333,-0.01004,-0.011435,-0.004093,-0.012373,-0.0130705,-0.0107375,-560.244,-0.010855667,-0.008522667,-465.309,-118.7716499,-108.3294984,-45.74974355
10/27/2023,6,,carry_over,1,mq,flush,,blank_lo,-0.008431,-0.009659,-0.006405,-0.00834,-0.001228,0.000399,-0.008032,-4.733,0.000296333,-0.008134667,-3.515,-20.12525796,-16.37934725,-20.119925
10/27/2023,6,,carry_over,1,mq,flush,,45,0.434471,0.482857,0.473342,0.481283,11.13676172,0.0436285,0.4780995,10.042,0.044689667,0.479160667,10.286,5.529910813,4.856865683,1.064402695
10/27/2023,6,,carry_over,1,mq,flush,,blank_hi,0.012817,-0.005017,-0.006091,-0.006417,-0.017834,-0.018371,-0.005554,-143.333,-0.018658667,-0.005841667,-145.577,1864.263382,-794.2639829,-12.54003688
10/27/2023,7,,carry_over,1,mq,AA,,blank_lo,-0.027,0.013,-0.012,-0.027,0.04,0.028,0.001,-102.395,0.018,-0.008,-68.691,#DIV/0!,#DIV/0!,0
10/27/2023,7,,carry_over,1,mq,AA,,45,0.478567,0.498616,0.491013,0.499319,4.189382051,0.0162475,0.4948145,3.395,0.017749,0.496316,3.709,2.068154259,1.959520674,0.92803063
10/27/2023,7,,carry_over,1,mq,AA,,blank_hi,0.039826,0.019453,0.014716,0.01498,-0.020373,-0.0227415,0.0170845,-57.102,-0.023443,0.016383,-58.864,54.09174543,53.59397511,16.24838409
10/27/2023,7,,carry_over,2,mq,other,,45,0.47419,0.507263,0.49195,0.507119,6.974630422,0.0254165,0.4996065,5.36,0.027920667,0.502110667,5.888,3.370071965,3.171035169,1.752539947
10/30/2023,8,,carry_over,1,mq,no_sds,,blank_lo,0.004358,-0.00392,-0.004118,-0.007136,-0.008278,-0.008377,-0.004019,-192.221,-0.009416,-0.005058,-216.062,-394.3594842,-182.4197533,-35.63309284
10/30/2023,8,,carry_over,1,mq,no_sds,,45,0.452873,0.475962,0.475174,0.475664,5.098338828,0.022695,0.475568,5.011,0.022727,0.4756,5.018,2.801026215,2.419174571,0.083658406
10/30/2023,8,,carry_over,1,mq,no_sds,,blank_hi,0.015056,-0.007081,-0.002127,-0.005322,-0.022137,-0.01966,-0.004604,-130.579,-0.019899333,-0.004843333,-132.169,595.9901063,7725.306834,-51.85370659
10/30/2023,9,,carry_over,1,mq,no_sds,,blank_lo,-0.009604,-0.009306,-0.009186,-0.011496,0.000298,0.000358,-0.009246,-3.728,-0.000392,-0.009996,4.082,-2.298091341,-10.9085633,-13.00943385
10/30/2023,9,,carry_over,1,mq,no_sds,,45,0.447367,0.480009,0.480748,0.486608,7.296470236,0.0330115,0.4803785,7.379,0.035088,0.482455,7.843,4.061314163,3.755810124,0.74940339
10/30/2023,9,,carry_over,1,mq,no_sds,,blank_hi,0.012066,-0.010783,-0.010294,-0.014109,-0.022849,-0.0226045,-0.0105385,-187.34,-0.023794667,-0.011728667,-197.204,-434.5690023,-207.9145635,-17.69918326
10/30/2023,10,,carry_over,1,mq,flush,,blank_lo,-0.010478,-0.00969,-0.01203,-0.01125,0.000788,-0.000382,-0.01086,3.646,-0.000512,-0.01099,4.886,-11.09328637,-9.261188519,-10.84139837
10/30/2023,10,,carry_over,1,mq,flush,,45,0.442734,0.495589,0.481554,0.477113,11.93831962,0.0458375,0.4885715,10.353,0.042018,0.484752,9.491,5.784775504,4.730916438,1.989517012
10/30/2023,10,,carry_over,1,mq,flush,,blank_hi,0.015471,-0.005577,-0.012979,-0.012581,-0.021048,-0.024749,-0.009278,-159.97,-0.02585,-0.010379,-167.087,-1435.367834,-341.2374856,-40.11381195
10/30/2023,11,,carry_over,2,mq,flush,,blank_lo,-0.004392,,,,0.004392,#DIV/0!,#DIV/0!,#DIV/0!,#DIV/0!,#DIV/0!,#DIV/0!,#DIV/0!,#DIV/0!,#DIV/0!
10/30/2023,11,,carry_over,2,mq,flush,,45,0.327311,0.316094,0.33207,0.327501,-3.427015896,-0.003229,0.324082,-0.987,-0.002089333,0.325221667,-0.638,2.522666267,2.087252804,2.530054192
10/30/2023,11,,carry_over,2,mq,flush,,blank_hi,0.001174,-0.006352,-0.00528,-0.006431,-0.007526,-0.00699,-0.005816,-595.4,-0.007195,-0.006021,-612.862,-116.784776,-86.10574786,-10.67828175
10/30/2023,12,,carry_over,1,mq,other,,blank_lo,-0.00753,-0.010904,-0.01286,-0.006477,-0.003374,-0.004352,-0.011882,57.795,-0.002550333,-0.010080333,33.869,-25.84764438,-31.33626505,-32.44181873
10/30/2023,12,,carry_over,1,mq,other,,45,0.311144,0.316126,0.336433,0.347897,1.601187874,0.0151355,0.3262795,4.864,0.022341333,0.333485333,7.18,4.170186144,5.258967865,4.824590824
10/30/2023,12,,carry_over,1,mq,other,,blank_hi,0.010276,-0.005314,-0.019055,-0.00718,-0.01559,-0.0224605,-0.0121845,-218.572,-0.020792333,-0.010516333,-202.339,-312.393601,-226.5100295,-70.87383571
10/30/2023,13,,carry_over,2,mq,NaOH,,Blank,-0.020873,-0.012288,-0.004206,-0.004531,0.008585,0.012626,-0.008247,-60.49,0.013864667,-0.007008333,-66.424,-66.91544617,-75.18056451,-65.28245654
10/30/2023,13,,carry_over,2,mq,NaOH,,45,0.243685,,,,-100,#DIV/0!,#DIV/0!,#DIV/0!,#DIV/0!,#DIV/0!,#DIV/0!,#DIV/0!,#DIV/0!,#DIV/0!
10/30/2023,13,,carry_over,2,mq,NaOH,,Blank,,,,,0,#DIV/0!,#DIV/0!,#DIV/0!,#DIV/0!,#DIV/0!,#DIV/0!,#DIV/0!,#DIV/0!,#DIV/0!
11/1/2023,14,,carry_over,1,mq,no_sds,,blank_lo,0.001351,-0.00734,-0.005147,-0.007319,-0.008691,-0.0075945,-0.0062435,-562.139,-0.007953,-0.006602,-588.675,-121.7594602,-89.02626101,-19.08680263
11/1/2023,14,,carry_over,1,mq,no_sds,,45,0.396362,0.412616,0.416499,0.438263,4.100796746,0.0181955,0.4145575,4.591,0.026097333,0.422459333,6.584,2.615245733,4.147952202,3.272125128
11/1/2023,14,,carry_over,1,mq,no_sds,,blank_hi,0.009504,-0.00518,-0.006187,-0.007919,-0.014684,-0.0151875,-0.0056835,-159.801,-0.015932667,-0.006428667,-167.642,-1414.323858,-329.0223964,-21.55034276
11/1/2023,15,,carry_over,1,mq,NaOH,,blank_lo,-0.006775,-0.006429,-0.005558,-0.007619,0.000346,0.0007815,-0.0059935,-11.535,0.000239667,-0.006535333,-3.538,-10.02701164,-12.93673133,-15.83096552
11/1/2023,15,,carry_over,1,mq,NaOH,,45,0.328139,0.389093,0.372913,0.381095,18.57566458,0.052864,0.381003,16.11,0.052894667,0.381033667,16.12,8.689218216,7.411374353,2.12321773
11/1/2023,15,,carry_over,1,mq,NaOH,,blank_hi,0.007347,-0.005091,-0.00582,-0.008156,-0.012438,-0.0128025,-0.0054555,-174.255,-0.013702667,-0.006355667,-186.507,-622.9384427,-238.0529365,-25.19286736
11/3/2023,16,,carry_over,1,mq,no_sds,,blank_lo,-0.0010982,-0.011563,-0.01057,-0.008792,-0.0104648,-0.0099683,-0.0110665,907.694,-0.009210133,-0.010308333,838.657,-74.59680256,-59.27688536,-13.61917213
11/3/2023,16,,carry_over,1,mq,no_sds,,45,0.390936,0.423006,0.408141,0.406849,8.20338879,0.0246375,0.4155735,6.302,0.021729333,0.412665333,5.558,3.939803257,3.218460977,2.175746074
11/3/2023,16,,carry_over,1,mq,no_sds,,blank_hi,0.003587,-0.006698,-0.01174,-0.007765,-0.010285,-0.012806,-0.009219,-357.011,-0.012321333,-0.008734333,-343.5,-157.7980418,-115.520102,-30.42125239
11/3/2023,17,,carry_over,1,mq,flush,,blank_lo,-0.008589,-0.008316,-0.009128,-0.007599,0.000273,-0.000133,-0.008722,1.548,0.000241333,-0.008347667,-2.81,-4.761622089,-7.566150441,-9.164138335
11/3/2023,17,,carry_over,1,mq,flush,,45,0.400763,0.426708,0.425855,0.405157,6.473901034,0.0255185,0.4262815,6.367,0.018477,0.41924,4.61,3.52804094,3.277237067,2.910908023
11/3/2023,17,,carry_over,1,mq,flush,,blank_hi,-0.000006,-0.007789,-0.008357,-0.009614,-0.007783,-0.008067,-0.008073,134450,-0.008580667,-0.008586667,143011.117,-86.66670392,-67.64841188,-10.87645841
11/3/2023,18,,carry_over,1,mq,flush,,blank_lo,-0.007525,-0.00898,-0.008682,-0.008282,-0.001455,-0.001306,-0.008831,17.355,-0.001123,-0.008648,14.924,-9.154725567,-7.530881696,-4.049952796
11/3/2023,18,,carry_over,1,mq,flush,,45,0.395334,0.427835,0.431449,0.420334,8.221149711,0.034308,0.429642,8.678,0.031205333,0.426539333,7.893,4.756025941,3.88666017,1.329219651
11/3/2023,18,,carry_over,1,mq,flush,,blank_hi,0.004765,-0.007852,-0.007226,-0.00819,-0.012617,-0.012304,-0.007539,-258.216,-0.012521,-0.007756,-262.77,-206.8440798,-135.6153039,-6.306312181
11/3/2023,19,,carry_over,1,mq,sample,,blank_lo,-0.006142,-0.008229,-0.006603,-0.005223,-0.002087,-0.001274,-0.007416,20.742,-0.000543,-0.006685,8.841,-15.68162995,-19.21143902,-22.50825295
11/3/2023,19,,carry_over,1,mq,sample,,45,0.411879,0.420446,0.440507,0.430024,2.0799798,0.0185975,0.4304765,4.515,0.018446667,0.430325667,4.479,3.463190828,2.897838471,2.331699554
11/3/2023,19,,carry_over,1,mq,sample,,blank_hi,0.013782,-0.004923,-0.004745,-0.006647,-0.018705,-0.018616,-0.004834,-135.075,-0.019220333,-0.005438333,-139.46,783.786176,-1523.627139,-19.31681687
11/3/2023,20,,carry_over,1,mq,sample,,blank_lo,-0.006567,-0.005207,-0.004737,-0.007075,0.00136,0.001595,-0.004972,-24.288,0.000894,-0.005673,-13.614,-17.26823124,-18.72766876,-21.79976113
11/3/2023,20,,carry_over,1,mq,sample,,45,0.409211,0.418216,0.440457,0.447457,2.200576231,0.0201255,0.4293365,4.918,0.026165667,0.435376667,6.394,3.805581332,4.214039677,3.506882597
11/3/2023,20,,carry_over,1,mq,sample,,blank_hi,0.014934,-0.004989,-0.008773,-0.005514,-0.019923,-0.021815,-0.006881,-146.076,-0.021359333,-0.006425333,-143.025,3260.122287,-995.8582245,-31.90518856
11/3/2023,21,,carry_over,1,mq,sample,,blank_lo,-0.003519,-0.004947,-0.006118,-0.003505,-0.001428,-0.0020135,-0.0055325,57.218,-0.001337667,-0.004856667,38.013,-26.77487754,-27.87784811,-26.94934945
11/3/2023,21,,carry_over,1,mq,sample,,45,0.42318,0.442128,0.42812,0.4431003,4.477527293,0.011944,0.435124,2.822,0.014602767,0.437782767,3.451,2.279753692,2.305199768,1.914719256
11/3/2023,21,,carry_over,1,mq,sample,,blank_hi,0.022493,-0.003409,-0.003074,-0.004034,-0.025902,-0.0257345,-0.0032415,-114.411,-0.025998667,-0.003505667,-115.586,278.4278194,434.3827526,-13.89880175
11/3/2023,22,,carry_over,1,mq,sample,,blank_lo,-0.003904,-0.003695,-0.005386,-0.006312,0.000209,-0.0006365,-0.0045405,16.304,-0.001227,-0.005131,31.429,-21.29937586,-25.80976672,-25.86249311
11/3/2023,22,,carry_over,1,mq,sample,,45,0.414098,0.433306,0.435197,0.442525,4.63851552,0.0201535,0.4342515,4.867,0.022911333,0.437009333,5.533,2.730540672,2.811617775,1.114251806
11/3/2023,22,,carry_over,1,mq,sample,,blank_hi,0.008591,-0.005829,-0.005675,-0.007594,-0.01442,-0.014343,-0.005752,-166.954,-0.014957,-0.006366,-174.101,-852.862296,-286.628129,-16.74934183
11/3/2023,23,,carry_over,1,mq,other,,blank_lo,-0.008408,-0.010784,-0.012339,-0.006662,-0.002376,-0.0031535,-0.0115615,37.506,-0.001520333,-0.009928333,18.082,-18.83610517,-26.31928248,-29.54809777
11/3/2023,23,,carry_over,1,mq,other,,45,0.473573,0.509545,0.498899,0.488683,7.595872231,0.030649,0.504222,6.472,0.025469333,0.499042333,5.378,3.740542861,3.109666146,2.090351431
11/3/2023,23,,carry_over,1,mq,other,,blank_hi,0.00913,-0.006102,-0.007833,-0.006013,-0.015232,-0.0160975,-0.0069675,-176.314,-0.015779333,-0.006649333,-172.829,-582.7747605,-293.3637005,-15.43088295
11/14/2023,24,,carry_over,1,mq,no_sds,,blank_lo,-0.009399,-0.009495,-0.010855,-0.008337,-9.60E-05,-0.000776,-0.010175,8.256,-0.000163333,-0.009562333,1.738,-8.211957495,-10.84184887,-13.18035717
11/14/2023,24,,carry_over,1,mq,no_sds,,45,0.482801,0.493536,0.51019,0.500072,2.223483381,0.019062,0.501863,3.948,0.018465,0.501266,3.825,2.785153031,2.314883197,1.673952911
11/14/2023,24,,carry_over,1,mq,no_sds,,blank_hi,0.009612,-0.008254,-0.007432,-0.009149,-0.017866,-0.017455,-0.007843,-181.596,-0.017890333,-0.008278333,-186.125,-498.1573809,-235.7644507,-10.37356876
11/14/2023,25,,carry_over,1,mq,other,,blank_lo,-0.007872,-0.009062,-0.011861,-0.010292,-0.00119,-0.0025895,-0.0104615,32.895,-0.002533,-0.010405,32.177,-21.33568022,-17.47559037,-13.48310733
11/14/2023,25,,carry_over,1,mq,other,,45,0.472738,0.498375,0.4898,0.483004,5.423088476,0.0213495,0.4940875,4.516,0.017655,0.490393,3.735,2.679940186,2.23029088,1.570707364
11/14/2023,25,,carry_over,1,mq,other,,blank_hi,0.013785,-0.010264,-0.006533,-0.007724,-0.024049,-0.0221835,-0.0083985,-160.925,-0.021958667,-0.008173667,-159.294,-1289.123156,-413.1536913,-23.31527123
11/14/2023,26,,carry_over,1,mq,other,,blank_lo,-0.008899,-0.009236,-0.009006,-0.009327,-0.000337,-0.000222,-0.009121,2.495,-0.000290667,-0.009189667,3.266,-1.903398525,-2.176323233,-1.800280944
11/14/2023,26,,carry_over,1,mq,other,,45,0.474204,0.495894,0.49442,0.51087,4.573980818,0.020953,0.495157,4.419,0.026190667,0.500394667,5.523,2.482656319,3.048939664,1.818922748
11/14/2023,26,,carry_over,1,mq,other,,blank_hi,0.010387,-0.008325,-0.009314,-0.007933,-0.018712,-0.0192065,-0.0088195,-184.909,-0.018911,-0.008524,-182.064,-459.1794702,-249.5446408,-8.349153108
11/14/2023,27,,carry_over,1,mq,other,,blank_lo,-0.00997,-0.011368,-0.010099,-0.010268,-0.001398,-0.0007635,-0.0107335,7.658,-0.000608333,-0.010578333,6.102,-7.372780644,-6.13433697,-6.513994782
11/14/2023,27,,carry_over,1,mq,other,,45,0.479964,0.507982,0.51489,0.51021,5.837521147,0.031472,0.511436,6.557,0.031063333,0.511027333,6.472,3.69216723,3.138766853,0.689940076
11/14/2023,27,,carry_over,1,mq,other,,blank_hi,0.009879,-0.007202,-0.007836,-0.009069,-0.017081,-0.017398,-0.007519,-176.111,-0.017914667,-0.008035667,-181.341,-584.4005123,-252.7639046,-11.81457634
11/14/2023,28,,carry_over,1,mq,other,,blank_lo,-0.018346,-0.012084,-0.014296,-0.010927,0.006262,0.005156,-0.01319,-28.104,0.005910333,-0.012435667,-32.216,-21.30062198,-23.49578359,-13.76532286
11/14/2023,28,,carry_over,1,mq,other,,45,0.527676,0.56232,0.561114,0.546887,6.5653924,0.034041,0.561717,6.451,0.029097667,0.556773667,5.514,3.572656357,2.938822835,1.541615986
11/14/2023,28,,carry_over,1,mq,other,,blank_hi,0.015113,-0.009412,-0.011958,-0.011053,-0.024525,-0.025798,-0.010685,-170.701,-0.025920667,-0.010807667,-171.512,-716.738864,-300.4760942,-11.94160176
11/14/2023,29,,carry_over,1,mq,flush,,blank_lo,-0.012299,-0.008625,-0.012241,-0.011025,0.003674,0.001866,-0.010433,-15.172,0.001668667,-0.010630333,-13.568,-19.03791531,-15.55553822,-17.30917677
11/14/2023,29,,carry_over,1,mq,flush,,45,0.533496,0.545337,0.538591,0.543902,2.219510549,0.008468,0.541964,1.587,0.009114,0.54261,1.708,1.101687444,0.999825656,0.654934717
11/14/2023,29,,carry_over,1,mq,flush,,blank_hi,0.004938,-0.01294,-0.011882,-0.011486,-0.017878,-0.017349,-0.012411,-351.337,-0.017040667,-0.012102667,-345.092,-151.3338739,-108.9245859,-6.211008325
11/14/2023,30,,carry_over,1,mq,other,,blank_lo,-0.008902,-0.010337,-0.011985,-0.011342,-0.001435,-0.002259,-0.011161,25.376,-0.002319333,-0.011221333,26.054,-14.82250033,-12.62427942,-7.40197229
11/14/2023,30,,carry_over,1,mq,other,,45,0.521332,0.550954,0.534747,0.546546,5.681983841,0.0215185,0.5428505,4.128,0.022750333,0.544082333,4.364,2.768999818,2.465533035,1.540148327
11/14/2023,30,,carry_over,1,mq,other,,blank_hi,0.01648,-0.011353,-0.01194,-0.0111026,-0.027833,-0.0281265,-0.0116465,-170.671,-0.0279452,-0.0114652,-169.57,-715.1692859,-312.063381,-3.74897151
11/14/2023,31,,carry_over,1,mq,flush,,blank_lo,-0.01196,-0.010043,-0.012862,-0.013638,0.001917,0.0005075,-0.0114525,-4.243,-0.000221,-0.012181,1.848,-12.38748924,-12.77099028,-15.5305705
11/14/2023,31,,carry_over,1,mq,flush,,45,0.54479,0.587235,0.585007,0.580543,7.79107546,0.041331,0.586121,7.587,0.039471667,0.584261667,7.245,4.173792845,3.469919057,0.583247388
11/14/2023,31,,carry_over,1,mq,flush,,blank_hi,0.005887,-0.01325,-0.014521,-0.014996,-0.019137,-0.0197725,-0.0138855,-335.867,-0.020142667,-0.014255667,-342.155,-156.7355153,-109.5256969,-6.332463712
11/14/2023,32,,carry_over,1,mq,other,,blank_lo,-0.015017,-0.01339,-0.013883,-0.014591,0.001627,0.0013805,-0.0136365,-9.193,0.001062333,-0.013954667,-7.074,-5.918275215,-5.095846789,-4.326143295
11/14/2023,32,,carry_over,1,mq,other,,45,0.564149,0.576155,0.573418,0.587655,2.128161177,0.0106375,0.5747865,1.886,0.014927,0.579076,2.646,1.101494615,1.682916038,1.304598361
11/14/2023,32,,carry_over,1,mq,other,,blank_hi,0.008037,-0.014761,-0.014252,-0.012472,-0.022798,-0.0225435,-0.0145065,-280.496,-0.021865333,-0.013828333,-272.058,-186.1839782,-131.2678861,-8.691384906
11/14/2023,33,,carry_over,2,mq,other,,blank_lo,,,,,0,#DIV/0!,#DIV/0!,#DIV/0!,#DIV/0!,#DIV/0!,#DIV/0!,#DIV/0!,#DIV/0!,#DIV/0!
11/14/2023,33,,carry_over,2,mq,other,,45,0.552811,0.578183,,,4.589633708,0.025372,0.578183,4.59,0.025372,0.578183,4.59,3.172556751,3.172556751,#DIV/0!
11/14/2023,33,,carry_over,2,mq,other,,blank_hi,,,,,0,#DIV/0!,#DIV/0!,#DIV/0!,#DIV/0!,#DIV/0!,#DIV/0!,#DIV/0!,#DIV/0!,#DIV/0!
11/14/2023,34,,carry_over,2,mq,other,,blank_lo,-0.001109,-0.015401,,,0.001109,-0.014292,-0.015401,1288.729,-0.014292,-0.015401,1288.729,-122.4224121,-122.4224121,#DIV/0!
11/14/2023,34,,carry_over,2,mq,other,,45,0.547029,0.588717,,,7.620802553,0.041688,0.588717,7.621,0.041688,0.588717,7.621,5.190926051,5.190926051,#DIV/0!
11/14/2023,34,,carry_over,2,mq,other,,blank_hi,,,,,0,#DIV/0!,#DIV/0!,#DIV/0!,#DIV/0!,#DIV/0!,#DIV/0!,#DIV/0!,#DIV/0!,#DIV/0!
11/14/2023,35,,carry_over,2,mq,other,,Blank,0.007194,-0.013788,,,-0.020982,-0.020982,-0.013788,-291.66,-0.020982,-0.013788,-291.66,-450.0004393,-450.0004393,#DIV/0!
11/14/2023,35,,carry_over,2,mq,other,,45,0.549625,0.593558,,,7.993268137,0.043933,0.593558,7.993,0.043933,0.593558,7.993,5.434881767,5.434881767,#DIV/0!
11/14/2023,35,,carry_over,2,mq,other,,Blank,,,,,0,#DIV/0!,#DIV/0!,#DIV/0!,#DIV/0!,#DIV/0!,#DIV/0!,#DIV/0!,#DIV/0!,#DIV/0!
11/14/2023,38,,carry_over,2,mq,other,,blank_lo,0.002959,-0.011014,,,-0.013973,-0.013973,-0.011014,-472.22,-0.013973,-0.011014,-472.22,-245.3234774,-245.3234774,#DIV/0!
11/14/2023,38,,carry_over,2,mq,other,,45,2.138843,,,,-100,#DIV/0!,#DIV/0!,#DIV/0!,#DIV/0!,#DIV/0!,#DIV/0!,#DIV/0!,#DIV/0!,#DIV/0!
11/14/2023,38,,carry_over,2,mq,other,,blank_hi,,,,,0,#DIV/0!,#DIV/0!,#DIV/0!,#DIV/0!,#DIV/0!,#DIV/0!,#DIV/0!,#DIV/0!,#DIV/0!
11/14/2023,36,,carry_over,2,mq,other,,blank_lo,-0.014033,-0.017715,,,-0.003682,-0.003682,-0.017715,26.238,-0.003682,-0.017715,26.238,-16.40145627,-16.40145627,#DIV/0!
11/14/2023,36,,carry_over,2,mq,other,,45,0.581218,0.573248,,,-1.371258289,-0.00797,0.573248,-1.371,-0.00797,0.573248,-1.371,0.976319969,0.976319969,#DIV/0!
11/14/2023,36,,carry_over,2,mq,other,,blank_hi,-0.009653,-0.016268,,,-0.006615,-0.006615,-0.016268,68.528,-0.006615,-0.016268,68.528,-36.09051624,-36.09051624,#DIV/0!
11/14/2023,37,,carry_over,2,mq,other,,blank_lo,-0.015301,-0.014522,,,0.000779,0.000779,-0.014522,-5.091,0.000779,-0.014522,-5.091,-3.69403603,-3.69403603,#DIV/0!
11/14/2023,37,,carry_over,2,mq,other,,45,0.586166,0.572056,,,-2.407167935,-0.01411,0.572056,-2.407,-0.01411,0.572056,-2.407,1.722860847,1.722860847,#DIV/0!
11/14/2023,37,,carry_over,2,mq,other,,blank_hi,-0.008424,-0.016044,,,-0.00762,-0.00762,-0.016044,90.456,-0.00762,-0.016044,90.456,-44.04245278,-44.04245278,#DIV/0!
11/14/2023,38,,carry_over,2,mq,other,,blank_lo,-0.015731,-0.017652,,,-0.001921,-0.001921,-0.017652,12.212,-0.001921,-0.017652,12.212,-8.137987159,-8.137987159,#DIV/0!
11/14/2023,38,,carry_over,2,mq,other,,45,0.50641,0.550684,,,8.742718351,0.044274,0.550684,8.743,0.044274,0.550684,8.743,5.923114809,5.923114809,#DIV/0!
11/14/2023,38,,carry_over,2,mq,other,,blank_hi,0.00008,-0.013935,,,-0.014015,-0.014015,-0.013935,-17518.75,-0.014015,-0.013935,-17518.75,-143.0545152,-143.0545152,#DIV/0!
11/14/2023,39,,carry_over,2,mq,other,,blank_lo,-0.014355,-0.013893,,,0.000462,0.000462,-0.013893,-3.218,0.000462,-0.013893,-3.218,-2.312966107,-2.312966107,#DIV/0!
11/14/2023,39,,carry_over,2,mq,other,,45,0.542563,0.544428,,,0.343738884,0.001865,0.544428,0.344,0.001865,0.544428,0.344,0.242643066,0.242643066,#DIV/0!
11/14/2023,39,,carry_over,2,mq,other,,blank_hi,-0.018111,-0.020128,,,-0.002017,-0.002017,-0.020128,11.137,-0.002017,-0.020128,11.137,-7.459579893,-7.459579893,#DIV/0!
11/14/2023,40,,carry_over,2,mq,other,,blank_lo,-0.01842,-0.01466,,,0.00376,0.00376,-0.01466,-20.413,0.00376,-0.01466,-20.413,-16.07449515,-16.07449515,#DIV/0!
11/14/2023,40,,carry_over,2,mq,other,,45,0.539612,0.54764,,,1.487735632,0.008028,0.54764,1.488,0.008028,0.54764,1.488,1.044220335,1.044220335,#DIV/0!
11/14/2023,40,,carry_over,2,mq,other,,blank_hi,-0.006868,-0.014438,,,-0.00757,-0.00757,-0.014438,110.221,-0.00757,-0.014438,110.221,-50.24686317,-50.24686317,#DIV/0!
11/14/2023,41,,carry_over,2,mq,other,,blank_lo,-0.016429,-0.019191,,,-0.002762,-0.002762,-0.019191,16.812,-0.002762,-0.019191,16.812,-10.96591201,-10.96591201,#DIV/0!
11/14/2023,41,,carry_over,2,mq,other,,45,0.516761,0.524599,,,1.516755328,0.007838,0.524599,1.517,0.007838,0.524599,1.517,1.064435536,1.064435536,#DIV/0!
11/14/2023,41,,carry_over,2,mq,other,,blank_hi,-0.001459,-0.016625,,,-0.015166,-0.015166,-0.016625,1039.479,-0.015166,-0.016625,1039.479,-118.601874,-118.601874,#DIV/0!
11/14/2023,42,,carry_over,2,mq,other,,blank_lo,-0.018772,-0.018478,,,0.000294,0.000294,-0.018478,-1.566,0.000294,-0.018478,-1.566,-1.116184664,-1.116184664,#DIV/0!
11/14/2023,42,,carry_over,2,mq,other,,45,0.517357,0.531811,,,2.793815489,0.014454,0.531811,2.794,0.014454,0.531811,2.794,1.948309787,1.948309787,#DIV/0!
11/14/2023,42,,carry_over,2,mq,other,,blank_hi,-0.002066,-0.012279,,,-0.010213,-0.010213,-0.012279,494.337,-0.010213,-0.012279,494.337,-100.6856961,-100.6856961,#DIV/0!
11/15/2023,43,,carry_over,1,mq,no_sds,,blank_lo,-0.017595,-0.014515,-0.013754,-0.012478,0.00308,0.0034605,-0.0141345,-19.668,0.004012667,-0.013582333,-22.806,-13.30344468,-14.91371664,-7.578175987
11/15/2023,43,,carry_over,1,mq,no_sds,,45,0.517327,0.55196,0.557914,0.549626,6.694605153,0.03761,0.554937,7.27,0.035839667,0.553166667,6.928,4.040791452,3.354684938,0.772593578
11/15/2023,43,,carry_over,1,mq,no_sds,,blank_hi,0.014368,-0.008191,-0.011234,-0.008896,-0.022559,-0.0240805,-0.0097125,-167.598,-0.023808333,-0.009440333,-165.704,-829.6948853,-343.2953685,-16.8728658
11/15/2023,44,,carry_over,1,mq,flush,,blank_lo,-0.008769,-0.006743,-0.006781,-0.006655,0.002026,0.002007,-0.006762,-22.887,0.002042667,-0.006726333,-23.294,-15.59544815,-14.13148796,-0.960884483
11/15/2023,44,,carry_over,1,mq,flush,,45,0.540466,0.564223,0.54481,0.547784,4.39565116,0.0140505,0.5545165,2.6,0.011806333,0.552272333,2.184,2.30069253,1.889486308,1.893243369
11/15/2023,44,,carry_over,1,mq,flush,,blank_hi,-0.010707,-0.010175,-0.012283,-0.012518,0.000532,-0.000522,-0.011229,4.875,-0.000951667,-0.011658667,8.888,-9.916244681,-10.12162011,-11.06691189
11/15/2023,45,,carry_over,1,mq,flush,,blank_lo,-0.013031,-0.011127,-0.011131,-0.013551,0.001904,0.001902,-0.011129,-14.596,0.001094667,-0.011936333,-8.4,-9.335390915,-10.36982688,-11.71501954
11/15/2023,45,,carry_over,1,mq,flush,,45,0.53924,0.555406,0.563673,0.539838,2.997923003,0.0202995,0.5595395,3.764,0.013732333,0.552972333,2.547,2.248207714,2.189630282,2.188614349
11/15/2023,45,,carry_over,1,mq,flush,,blank_hi,-0.011784,-0.01389,-0.013389,-0.01513,-0.002106,-0.0018555,-0.0136395,15.746,-0.002352333,-0.014136333,19.962,-8.44920782,-10.22448966,-6.340109956
11/15/2023,46,,carry_over,2,mq,flush,,blank_lo,-0.014069,-0.013503,-0.010623,-0.01126,0.000566,0.002006,-0.012063,-14.258,0.002273667,-0.011795333,-16.161,-14.51465168,-13.57770957,-12.8253341
11/15/2023,46,,carry_over,2,mq,flush,,45,0.557826,0.530812,0.550949,0.536498,-4.842728736,-0.0169455,0.5408805,-3.038,-0.018406333,0.539419667,-3.3,2.56874249,2.29990523,1.924579496
11/15/2023,46,,carry_over,2,mq,flush,,blank_hi,-0.00704,-0.011383,-0.012635,-0.013196,-0.004343,-0.004969,-0.012009,70.582,-0.005364667,-0.012404667,76.203,-28.36329768,-25.19402078,-7.48256834
11/15/2023,47,,carry_over,2,mq,flush,,blank_lo,-0.014264,-0.013778,-0.016418,-0.015036,0.000486,-0.000834,-0.015098,5.847,-0.000813333,-0.015077333,5.702,-9.480976927,-7.747182526,-8.758082316
11/15/2023,47,,carry_over,2,mq,flush,,45,0.550768,0.531026,0.533802,0.54001,-3.584449351,-0.018354,0.532414,-3.332,-0.015822,0.534946,-2.873,1.984506654,1.625028251,0.859892075
11/15/2023,47,,carry_over,2,mq,flush,,blank_hi,-0.010486,-0.013337,-0.014143,-0.016775,-0.002851,-0.003254,-0.01374,31.032,-0.004265667,-0.014751667,40.68,-15.18281216,-18.91996846,-12.18847842
11/15/2023,48,,carry_over,2,mq,flush,,blank_lo,-0.014737,-0.016578,-0.018552,-0.016074,-0.001841,-0.002828,-0.017565,19.19,-0.002331,-0.017068,15.817,-11.47784919,-9.594789807,-7.67315981
11/15/2023,48,,carry_over,2,mq,flush,,45,0.55494,0.532528,0.547991,0.547084,-4.038634807,-0.0146805,0.5402595,-2.645,-0.012405667,0.542534333,-2.235,2.104429999,1.725834941,1.599455854
11/15/2023,48,,carry_over,2,mq,flush,,blank_hi,-0.001238,-0.01364,-0.014315,-0.019641,-0.012402,-0.0127395,-0.0139775,1029.039,-0.014627333,-0.015865333,1181.529,-75.66429943,-63.81293754,-20.71935606
11/15/2023,48,,carry_over,2,mq,flush,,blank_lo,-0.017406,-0.018707,-0.012813,-0.014115,-0.001301,0.001646,-0.01576,-9.457,0.002194333,-0.015211667,-12.607,-18.98644328,-17.4863994,-20.35449941
11/15/2023,48,,carry_over,2,mq,flush,,45,0.570036,0.559106,0.556485,0.548237,-1.917422759,-0.0122405,0.5577955,-2.147,-0.015426667,0.554609333,-2.706,1.279204205,1.61099788,1.022714587
11/15/2023,48,,carry_over,2,mq,flush,,blank_hi,-0.004265,-0.018116,-0.012679,-0.015939,-0.013851,-0.0111325,-0.0153975,261.02,-0.011313,-0.015578,265.252,-59.71434913,-47.70112737,-17.56591292
11/15/2023,50,,carry_over,1,mq,flush,,blank_lo,-0.017728,-0.014868,-0.017711,-0.0136,0.00286,0.0014385,-0.0162895,-8.114,0.002335,-0.015393,-13.171,-9.81773651,-13.00565429,-13.67624141
11/15/2023,50,,carry_over,1,mq,flush,,45,0.536428,0.558724,0.568958,0.549731,4.15638259,0.027413,0.563841,5.11,0.022709667,0.559137667,4.233,2.998636526,2.494652231,1.720537401
11/15/2023,50,,carry_over,1,mq,flush,,blank_hi,-0.001197,-0.012788,-0.012718,-0.013104,-0.011591,-0.011556,-0.012753,965.414,-0.011673,-0.01287,975.188,-74.95732517,-58.67224232,-1.597903562
11/16/2023,51,,carry_over,1,mq,no_sds,,blank_lo,-0.01995,-0.015654,-0.013208,-0.0010461,0.004296,0.005519,-0.014431,-27.664,0.009980633,-0.009969367,-50.028,-20.97665165,-65.03529456,-78.47994307
11/16/2023,51,,carry_over,1,mq,no_sds,,45,0.488763,0.531634,0.544881,0.53598,8.771326798,0.0494945,0.5382575,10.126,0.048735333,0.537498333,9.971,5.621987596,4.755942384,1.256331154
11/16/2023,51,,carry_over,1,mq,no_sds,,blank_hi,0.01325,-0.010673,-0.010692,-0.008786,-0.023923,-0.0239325,-0.0106825,-180.623,-0.023300333,-0.010050333,-175.852,-510.8110382,-276.5379991,-10.89502169
11/16/2023,51,,carry_over,2,mq,flush,,blank_lo,-0.016463,-0.014351,-0.013664,-0.012103,0.002112,0.0024555,-0.0140075,-14.915,0.003090333,-0.013372667,-18.771,-9.838827481,-12.78825146,-8.614354362
11/16/2023,52,,carry_over,2,mq,flush,,45,0.521855,0.528664,0.521263,0.527292,1.304768566,0.0031085,0.5249635,0.596,0.003884667,0.525739667,0.744,0.784982766,0.715722001,0.748874725
11/16/2023,51,,carry_over,2,mq,flush,,blank_hi,-0.007505,-0.011152,-0.013526,-0.015518,-0.003647,-0.004834,-0.012339,64.41,-0.005893667,-0.013398667,78.53,-28.2712542,-28.88938012,-16.31344009
11/16/2023,51,,carry_over,1,mq,flush,,blank_lo,-0.015279,-0.014295,-0.013132,-0.014832,0.000984,0.0015655,-0.0137135,-10.246,0.001192667,-0.014086333,-7.806,-7.549826125,-6.443394222,-6.169081012
11/16/2023,53,,carry_over,1,mq,flush,,45,0.500096,0.520343,0.509808,0.50122,4.048622664,0.0149795,0.5150755,2.995,0.010361,0.510457,2.072,1.985226057,1.847066771,1.876358864
11/16/2023,51,,carry_over,1,mq,flush,,blank_hi,0.005248,-0.011372,-0.013638,-0.015011,-0.01662,-0.017753,-0.012505,-338.281,-0.018588333,-0.013340333,-354.198,-156.5448337,-108.2967158,-13.77529971
11/16/2023,54,,carry_over,1,mq,flush,,blank_lo,-0.014095,-0.009372,-0.013249,-0.015735,0.004723,0.0027845,-0.0113105,-19.755,0.001309667,-0.012785333,-9.292,-20.57728129,-20.58254082,-25.08139645
11/16/2023,54,,carry_over,1,mq,flush,,45,0.46146,0.520588,0.521226,0.507655,12.81324492,0.059447,0.520907,12.882,0.055029667,0.516489667,11.925,6.849694176,5.612589917,1.482642057
11/16/2023,54,,carry_over,1,mq,flush,,blank_hi,0.018539,-0.007285,-0.011103,-0.013255,-0.025824,-0.027733,-0.009194,-149.593,-0.029086667,-0.010547667,-156.894,32036.53179,-450.2859938,-28.66505913
11/16/2023,55,,carry_over,2,mq,flush,,blank_lo,0.003426,-0.014691,-0.012262,-0.012468,-0.018117,-0.0169025,-0.0134765,-493.36,-0.016566333,-0.013140333,-483.547,-125.3956765,-92.85565912,-10.24982308
11/16/2023,55,,carry_over,2,mq,flush,,45,0.507465,0.505414,0.497134,0.485692,-0.404165805,-0.006191,0.501274,-1.22,-0.011385,0.49608,-2.244,1.086652269,1.981994721,1.996282145
11/16/2023,55,,carry_over,2,mq,flush,,blank_hi,0.014557,-0.014339,-0.01384,-0.011829,-0.028896,-0.0286465,-0.0140895,-196.788,-0.027893,-0.013336,-191.612,-364.2845315,-219.8520169,-9.963520642
11/16/2023,56,,carry_over,1,mq,flush,,blank_lo,-0.012327,-0.01463,-0.012531,-0.014668,-0.002303,-0.0012535,-0.0135805,10.169,-0.001616,-0.013943,13.109,-9.685233656,-9.487511451,-8.771250591
11/16/2023,56,,carry_over,1,mq,flush,,45,0.481274,0.522376,0.514692,0.509864,8.540249421,0.03726,0.518534,7.742,0.03437,0.515644,7.141,4.317695928,3.538242129,1.223730371
11/16/2023,56,,carry_over,1,mq,flush,,blank_hi,0.005709,-0.013088,-0.012984,-0.01318,-0.018797,-0.018745,-0.013036,-328.341,-0.018793,-0.013084,-329.182,-159.4444196,-112.0572532,-0.749474208
11/16/2023,57,,carry_over,1,mq,sds_car,,blank_lo,-0.010277,-0.011856,-0.013537,-0.009132,-0.001579,-0.0024195,-0.0126965,23.543,-0.001231333,-0.011508333,11.981,-13.71123574,-17.11203912,-19.31630316
11/16/2023,57,,carry_over,1,mq,sds_car,,45,0.492366,0.505249,0.516354,0.518283,2.616549477,0.0184355,0.5108015,3.744,0.020929333,0.513295333,4.251,2.378842066,2.349587562,1.370509551
11/16/2023,57,,carry_over,1,mq,sds_car,,blank_hi,-0.002027,-0.012435,-0.012847,-0.015087,-0.010408,-0.010614,-0.012641,523.631,-0.011429333,-0.013456333,563.855,-67.35644567,-55.02650058,-10.60574551
11/16/2023,58,,carry_over,2,mq,sds_car,,blank_lo,,,,,0,#DIV/0!,#DIV/0!,#DIV/0!,#DIV/0!,#DIV/0!,#DIV/0!,#DIV/0!,#DIV/0!,#DIV/0!
11/16/2023,58,,carry_over,3,mq,sds_car,,45,0.505596,0.514457,0.499396,0.509549,1.752585068,0.0013305,0.5069265,0.263,0.002204667,0.507800667,0.436,1.494537374,1.255361913,1.512642055
11/16/2023,58,,carry_over,1,mq,sds_car,,blank_hi,-0.002605,-0.009781,-0.01225,-0.014259,-0.007176,-0.0084105,-0.0110155,322.86,-0.009491667,-0.012096667,364.363,-61.0115946,-52.31440021,-18.54175514
11/16/2023,59,,carry_over,2,mq,other,,blank_lo,,,,,0,#DIV/0!,#DIV/0!,#DIV/0!,#DIV/0!,#DIV/0!,#DIV/0!,#DIV/0!,#DIV/0!,#DIV/0!
11/16/2023,59,,carry_over,3,mq,other,,45,0.511914,0.519879,0.506003,0.529217,1.555925409,0.001027,0.512941,0.201,0.006452333,0.518366333,1.26,1.358429385,1.948343394,2.25336628
11/16/2023,59,,carry_over,2,mq,other,,blank_hi,-0.002118,,,,0.002118,#DIV/0!,#DIV/0!,#DIV/0!,#DIV/0!,#DIV/0!,#DIV/0!,#DIV/0!,#DIV/0!,#DIV/0!
11/17/2023,60,,carry_over,2,mq,no_sds,,blank_lo,-0.028411,-0.010567,,,0.017844,0.017844,-0.010567,-62.807,0.017844,-0.010567,-62.807,-64.74223102,-64.74223102,#DIV/0!
11/17/2023,60,,carry_over,3,mq,no_sds,,45,0.477677,0.499684,0.516022,0.514051,4.607088053,0.030176,0.507853,6.317,0.032242,0.509919,6.75,3.865495239,3.524760683,1.748981138
11/17/2023,60,,carry_over,1,mq,no_sds,,blank_hi,0.01009,-0.016891,-0.017658,-0.014606,-0.026981,-0.0273645,-0.0172745,-271.204,-0.026475,-0.016385,-262.389,-193.8373024,-136.1917045,-9.689790634
11/17/2023,61,,carry_over,1,mq,no_sds,,blank_lo,-0.016906,-0.018427,-0.01833,-0.015626,-0.001521,-0.0014725,-0.0183785,8.71,-0.000555,-0.017461,3.283,-4.760434095,-7.663403342,-9.10541514
11/17/2023,61,,carry_over,1,mq,no_sds,,45,0.497751,0.544946,0.531542,0.485693,9.481648455,0.040493,0.538244,8.135,0.022976,0.520727,4.616,4.634680699,5.407899341,5.966991202
11/17/2023,61,,carry_over,1,mq,no_sds,,blank_hi,0.000792,-0.018776,-0.018893,-0.018629,-0.019568,-0.0196265,-0.0188345,-2478.093,-0.019558,-0.018766,-2469.444,-92.18360549,-70.4759591,-0.704912
11/17/2023,62,,carry_over,2,mq,sds_mo,,blank_lo,,,,,0,#DIV/0!,#DIV/0!,#DIV/0!,#DIV/0!,#DIV/0!,#DIV/0!,#DIV/0!,#DIV/0!,#DIV/0!
11/17/2023,62,,carry_over,3,mq,sds_mo,,45,0.51,0.510359,0.528601,0.511972,0.070392157,0.00948,0.51948,1.859,0.006977333,0.516977333,1.368,2.060189922,1.737693254,1.953402192
11/17/2023,62,,carry_over,1,mq,sds_mo,,blank_hi,-0.006882,-0.018878,-0.018431,-0.019753,-0.011996,-0.0117725,-0.0186545,171.062,-0.012138667,-0.019020667,176.383,-46.16684196,-38.121589,-3.535354607
11/17/2023,63,,carry_over,2,mq,no_sds,,blank_lo,,,,,0,#DIV/0!,#DIV/0!,#DIV/0!,#DIV/0!,#DIV/0!,#DIV/0!,#DIV/0!,#DIV/0!,#DIV/0!
11/17/2023,63,,carry_over,3,mq,no_sds,,45,0.511356,0.534787,0.51326,0.496676,4.582130649,0.0126675,0.5240235,2.477,0.003551667,0.514907667,0.695,2.503482314,3.054950261,3.711121853
11/17/2023,63,,carry_over,2,mq,no_sds,,blank_hi,,,,,0,#DIV/0!,#DIV/0!,#DIV/0!,#DIV/0!,#DIV/0!,#DIV/0!,#DIV/0!,#DIV/0!,#DIV/0!
11/17/2023,64,,carry_over,2,mq,sds_car,,blank_lo,,,,,0,#DIV/0!,#DIV/0!,#DIV/0!,#DIV/0!,#DIV/0!,#DIV/0!,#DIV/0!,#DIV/0!,#DIV/0!
11/17/2023,64,,carry_over,2,mq,sds_car,,45,0.509437,0.501478,0.501559,0.514206,-1.562312906,-0.0079185,0.5015185,-1.554,-0.003689333,0.505747667,-0.724,0.906844182,1.235328845,1.448398872
11/17/2023,64,,carry_over,2,mq,sds_car,,blank_hi,0.008569,,,,-0.008569,#DIV/0!,#DIV/0!,#DIV/0!,#DIV/0!,#DIV/0!,#DIV/0!,#DIV/0!,#DIV/0!,#DIV/0!
11/17/2023,65,,carry_over,2,mq,sds_car,,blank_lo,,,,,0,#DIV/0!,#DIV/0!,#DIV/0!,#DIV/0!,#DIV/0!,#DIV/0!,#DIV/0!,#DIV/0!,#DIV/0!
11/17/2023,65,,carry_over,3,mq,sds_car,,45,0.511633,0.520203,0.515021,0.516909,1.67502878,0.005979,0.517612,1.169,0.005744667,0.517377667,1.123,0.837087483,0.694397844,0.506901942
11/17/2023,65,,carry_over,1,mq,sds_car,,blank_hi,0.006362,-0.003484,-0.006104,-0.01284,-0.009846,-0.011156,-0.004794,-175.354,-0.013838,-0.007476,-217.51,-611.232633,-198.2470377,-64.56043745
11/17/2023,66,,cal_curve,2,mq,sds_car,,9,0.08683,0.087023,0.086766,0.091,0.222273408,6.45E-05,0.0868945,0.074,0.001433,0.088263,1.65,0.154003136,2.350714089,2.689453241
11/17/2023,67,,cal_curve,2,mq,sds_car,,18,0.181239,0.181292,0.185355,0.188366,0.029243154,0.0020845,0.1833235,1.15,0.003765333,0.185004333,2.078,1.292909092,1.877793053,1.918881154
11/17/2023,68,,cal_curve,2,mq,sds_car,,27,0.295078,0.297621,0.29232,0.293352,0.861806031,-0.0001075,0.2949705,-0.036,-0.000647,0.294431,-0.219,0.898701578,0.786635295,0.954518019
11/17/2023,69,,cal_curve,2,mq,sds_car,,36,0.390564,0.390683,0.389401,0.389605,0.030468758,-0.000522,0.390042,-0.134,-0.000667667,0.389896333,-0.171,0.181518491,0.167682151,0.176679451
11/17/2023,70,,cal_curve,2,mq,sds_car,,45,0.49045,0.49943,0.496121,0.490968,1.830971557,0.0073255,0.4977755,1.494,0.005056333,0.495506333,1.031,0.91685223,0.870601378,0.86060552
12/21/2023,71,,carry_over,2,mq,sds_car,,blank_lo,-0.001322,-0.000746,-0.000936,-0.000818,0.000576,0.000481,-0.000841,-36.384,0.000488667,-0.000833333,-36.964,-29.31144334,-26.85289612,-11.51082968
12/21/2023,71,,carry_over,3,mq,sds_car,,45,0.445694,0.474773,0.437209,0.355759,6.524431561,0.010297,0.455991,2.31,-0.023113667,0.422580333,-5.186,4.353117981,11.90655227,14.39741007
12/21/2023,71,,carry_over,2,mq,sds_car,,blank_hi,,,,,0,#DIV/0!,#DIV/0!,#DIV/0!,#DIV/0!,#DIV/0!,#DIV/0!,#DIV/0!,#DIV/0!,#DIV/0!
12/21/2023,72,,carry_over,1,mq,sds_car,,blank_lo,0.007455,-0.000675,-0.000302,-0.001165,-0.00813,-0.0079435,-0.0004885,-106.553,-0.008169,-0.000714,-109.577,212.564327,308.6587327,-60.61902296
12/21/2023,72,,carry_over,3,mq,sds_car,,45,0.473265,0.473783,0.435905,0.509519,0.109452421,-0.018421,0.454844,-3.892,-0.000196,0.473069,-0.041,4.711848629,6.353000722,7.781569618
12/21/2023,72,,carry_over,2,mq,sds_car,,blank_hi,,,,,0,#DIV/0!,#DIV/0!,#DIV/0!,#DIV/0!,#DIV/0!,#DIV/0!,#DIV/0!,#DIV/0!,#DIV/0!
12/21/2023,73,,carry_over,1,mq,sds_car,,blank_lo,0.005086,-0.001259,-0.000829,-0.000695,-0.006345,-0.00613,-0.001044,-120.527,-0.006013667,-0.000927667,-118.24,354.804701,523.9154687,-31.76371408
12/21/2023,73,,carry_over,3,mq,sds_car,,45,0.442432,0.455671,0.454153,0.444305,2.992324244,0.01248,0.454912,2.821,0.008944333,0.451376333,2.022,1.607357726,1.499960992,1.367109803
12/21/2023,73,,carry_over,2,mq,sds_car,,blank_hi,,,,,0,#DIV/0!,#DIV/0!,#DIV/0!,#DIV/0!,#DIV/0!,#DIV/0!,#DIV/0!,#DIV/0!,#DIV/0!
12/21/2023,74,,carry_over,1,mq,sds_car,,blank_lo,0.005656,-0.001333,-0.000897,-0.00133,-0.006989,-0.006771,-0.001115,-119.714,-0.006842667,-0.001186667,-120.981,342.8469681,654.0952699,-21.14015532
12/21/2023,74,,carry_over,3,mq,sds_car,,45,0.461847,0.462237,0.445628,0.468248,0.084443549,-0.0079145,0.4539325,-1.714,-0.003142667,0.458704333,-0.68,2.076049569,2.109873124,2.554255325
12/21/2023,74,,carry_over,2,mq,sds_car,,blank_hi,,,,,0,#DIV/0!,#DIV/0!,#DIV/0!,#DIV/0!,#DIV/0!,#DIV/0!,#DIV/0!,#DIV/0!,#DIV/0!
12/21/2023,75,,carry_over,2,mq,sds_car,,blank_lo,-0.008268,-0.007756,-0.008702,-0.005725,0.000512,3.90E-05,-0.008229,-0.472,0.000873667,-0.007394333,-10.567,-5.745397204,-17.2940583,-20.57110974
12/21/2023,75,,carry_over,2,mq,sds_car,,45,0.469527,0.489161,0.494139,0.480323,4.181655155,0.022123,0.49165,4.712,0.018347333,0.487874333,3.908,2.687100569,2.236203483,1.434240677
12/21/2023,75,,carry_over,2,mq,sds_car,,blank_hi,0.005802,-0.010223,-0.008115,-0.007264,-0.016025,-0.014971,-0.009169,-258.032,-0.014336,-0.008534,-247.087,-208.3807456,-146.9720013,-17.85034701
12/222023,76,,carry_over,2,mq,sds_car,,blank_lo,-0.009595,-0.007979,-0.008976,-0.010486,0.001616,0.0011175,-0.0084775,-11.647,0.000448,-0.009147,-4.669,-9.212823735,-11.39063133,-13.79925105
12/222023,76,,carry_over,2,mq,sds_car,,45,0.457696,0.467385,0.498543,0.505117,2.116907292,0.025268,0.482964,5.521,0.032652333,0.490348333,7.134,4.497633426,4.807690634,4.110679004
12/222023,76,,carry_over,2,mq,sds_car,,blank_hi,-0.003742,-0.012664,,,-0.008922,-0.008922,-0.012664,238.429,-0.008922,-0.012664,238.429,-76.90852983,-76.90852983,#DIV/0!
12/222023,77,,carry_over,2,mq,sds_car,,blank_lo,-0.014142,-0.010122,-0.010771,-0.014357,0.00402,0.0036955,-0.0104465,-26.131,0.002392,-0.01175,-16.914,-18.47980759,-17.92462326,-19.41216151
12/222023,77,,carry_over,2,mq,sds_car,,45,0.457203,0.472101,0.493852,0.476006,3.258508802,0.0257735,0.4829765,5.637,0.02345,0.480653,5.129,3.885233433,3.174164471,2.412598274
12/222023,77,,carry_over,2,mq,sds_car,,blank_hi,-0.003823,-0.01287,,,-0.009047,-0.009047,-0.01287,236.647,-0.009047,-0.01287,236.647,-76.64524111,-76.64524111,#DIV/0!
12/222023,78,,carry_over,2,mq,sds_car,,blank_lo,-0.010154,-0.008968,-0.01237,-0.013573,0.001186,-0.000515,-0.010669,5.072,-0.001483,-0.011637,14.605,-16.4498123,-18.5184735,-20.52422326
12/222023,78,,carry_over,2,mq,sds_car,,45,0.460145,0.48896,0.515481,0.496345,6.262156494,0.0420755,0.5022205,9.144,0.040117,0.500262,8.718,5.669026709,4.68384724,2.736069009
12/222023,78,,carry_over,2,mq,sds_car,,blank_hi,0.000952,-0.010488,-0.011664,0.001392,-0.01144,-0.012028,-0.011076,-1263.445,-0.007872,-0.00692,-826.891,-98.62101532,-143.1732844,-104.3696323
12/222023,79,,carry_over,2,mq,sds_car,,blank_lo,-0.006251,-0.006316,-0.006456,-0.006777,-6.50E-05,-0.000135,-0.006386,2.16,-0.000265333,-0.006516333,4.245,-1.652131118,-3.630710726,-3.627007633
12/222023,79,,carry_over,2,mq,sds_car,,45,0.477089,0.472304,0.473268,0.507457,-1.002957519,-0.004303,0.472786,-0.902,0.007254,0.484343,1.52,0.533647301,3.47052323,4.134077177
12/222023,79,,carry_over,2,mq,sds_car,,blank_hi,0.002683,-0.008613,-0.008584,-0.009964,-0.011296,-0.0112815,-0.0085985,-420.481,-0.011736667,-0.009053667,-437.446,-134.6298719,-96.47101598,-8.709235217
12/222023,80,,carry_over,2,mq,sds_car,,blank_lo,,,,,0,#DIV/0!,#DIV/0!,#DIV/0!,#DIV/0!,#DIV/0!,#DIV/0!,#DIV/0!,#DIV/0!,#DIV/0!
12/222023,80,,carry_over,2,mq,sds_car,,45,0.484517,0.497101,,,2.597225691,0.012584,0.497101,2.597,0.012584,0.497101,2.597,1.812972406,1.812972406,#DIV/0!
12/222023,80,,carry_over,2,mq,sds_car,,blank_hi,,,,,0,#DIV/0!,#DIV/0!,#DIV/0!,#DIV/0!,#DIV/0!,#DIV/0!,#DIV/0!,#DIV/0!,#DIV/0!
1/1/2024,81,,carry_over,2,mq,sds_car,,blank_lo,-0.00085,-0.000554,-0.00208,-0.000716,0.000296,-0.000467,-0.001317,54.941,-0.000266667,-0.001116667,31.373,-69.68175957,-66.40474625,-75.06215736
1/1/2024,81,,carry_over,2,mq,sds_car,,45,0.46996,0.456149,0.450776,0.444642,-2.938760746,-0.0164975,0.4534625,-3.51,-0.019437667,0.450522333,-4.136,2.156270085,2.370786504,1.27800378
1/1/2024,81,,carry_over,2,mq,sds_car,,blank_hi,0.01154,-0.001394,-0.002029,-0.001147,-0.012934,-0.0132515,-0.0017115,-114.831,-0.013063333,-0.001523333,-113.2,283.0112942,375.4504103,-29.86880516
1/1/2024,82,,carry_over,2,mq,sds_car,,blank_lo,,,,,0,#DIV/0!,#DIV/0!,#DIV/0!,#DIV/0!,#DIV/0!,#DIV/0!,#DIV/0!,#DIV/0!,#DIV/0!
1/1/2024,82,,carry_over,3,mq,sds_car,,45,0.431513,0.448805,0.463442,0.438525,4.007295261,0.0246105,0.4561235,5.703,0.018744333,0.450257333,4.344,3.568245907,3.11278829,2.781038102
1/1/2024,82,,carry_over,1,mq,sds_car,,blank_hi,0.00814,-0.002045,-0.0033514,-0.004524,-0.010185,-0.0108382,-0.0026982,-133.147,-0.0114468,-0.0033068,-140.624,687.9397537,-1305.835799,-37.50156215
1/1/2024,83,,carry_over,2,mq,sds_car,,blank_lo,,,,,0,#DIV/0!,#DIV/0!,#DIV/0!,#DIV/0!,#DIV/0!,#DIV/0!,#DIV/0!,#DIV/0!,#DIV/0!
1/1/2024,83,,carry_over,3,mq,sds_car,,45,0.42921,0.43882,0.445209,0.451126,2.238997227,0.0128045,0.4420145,2.983,0.015841667,0.445051667,3.691,1.839731619,2.126630921,1.38287505
1/1/2024,83,,carry_over,1,mq,sds_car,,blank_hi,0.010155,-0.002259,-0.002026,-0.003116,-0.012414,-0.0122975,-0.0021425,-121.098,-0.012622,-0.002467,-124.293,362.9090631,919.1544115,-23.26702014
1/1/2024,84,,carry_over,2,mq,sds_both,,blank_lo,,,,,0,#DIV/0!,#DIV/0!,#DIV/0!,#DIV/0!,#DIV/0!,#DIV/0!,#DIV/0!,#DIV/0!,#DIV/0!
1/1/2024,84,,carry_over,3,mq,sds_both,,45,0.449824,0.453377,0.459182,0.458531,0.78986448,0.0064555,0.4562795,1.435,0.007206,0.45703,1.602,1.040224237,0.975602657,0.695860659
1/1/2024,84,,carry_over,1,mq,sds_both,,blank_hi,0.005267,-0.00553,-0.00566,-0.001503,-0.010797,-0.010862,-0.005595,-206.227,-0.009498,-0.004231,-180.33,-317.6523117,-276.115867,-55.85940217
1/1/2024,85,,carry_over,2,mq,sds_both,,blank_lo,,,,,0,#DIV/0!,#DIV/0!,#DIV/0!,#DIV/0!,#DIV/0!,#DIV/0!,#DIV/0!,#DIV/0!,#DIV/0!
1/1/2024,85,,carry_over,3,mq,sds_both,,45,0.451235,0.451738,0.458748,0.449332,0.111471849,0.004008,0.455243,0.888,0.002037667,0.453272667,0.452,0.925292149,0.910451933,1.079262108
1/1/2024,85,,carry_over,1,mq,sds_both,,blank_hi,0.010941,-0.004806,-0.005811,-0.005675,-0.015747,-0.0162495,-0.0053085,-148.519,-0.016371667,-0.005430667,-149.636,8699.167602,-612.8147917,-10.03991285
1/1/2024,86,,carry_over,2,mq,sds_both,,blank_lo,,,,,0,#DIV/0!,#DIV/0!,#DIV/0!,#DIV/0!,#DIV/0!,#DIV/0!,#DIV/0!,#DIV/0!,#DIV/0!
1/1/2024,86,,carry_over,1,mq,sds_both,,45,0.442938,0.462162,0.436856,0.438169,4.340110806,0.006571,0.449509,1.484,0.002791,0.445729,0.63,2.953041874,2.632545832,3.196231279
1/1/2024,86,,carry_over,1,mq,sds_both,,blank_hi,0.011725,-0.001343,-0.00266,-0.001848,-0.013068,-0.0137265,-0.0020015,-117.07,-0.013675333,-0.001950333,-116.634,308.9475248,467.0857804,-34.06786127
1/1/2024,87,,carry_over,2,mq,sds_both,,blank_lo,,,,,0,#DIV/0!,#DIV/0!,#DIV/0!,#DIV/0!,#DIV/0!,#DIV/0!,#DIV/0!,#DIV/0!,#DIV/0!
1/1/2024,87,,carry_over,3,mq,sds_both,,45,0.44567,0.452062,0.44185,0.449936,1.434245069,0.001286,0.446956,0.289,0.002279333,0.447949333,0.511,1.155517109,1.015819161,1.202831702
1/1/2024,87,,carry_over,1,mq,sds_both,,blank_hi,0.009732,-0.005656,-0.003617,-0.004494,-0.015388,-0.0143685,-0.0046365,-147.642,-0.014321,-0.004589,-147.154,5462.789945,-714.6503599,-22.28839082
1/1/2024,88,,carry_over,2,mq,sds_both,,blank_lo,,,,,0,#DIV/0!,#DIV/0!,#DIV/0!,#DIV/0!,#DIV/0!,#DIV/0!,#DIV/0!,#DIV/0!,#DIV/0!
1/1/2024,88,,carry_over,2,mq,sds_both,,45,0.442243,0.435193,0.454021,0.443634,-1.594146205,0.002364,0.444607,0.535,0.002039667,0.444282667,0.461,2.143311784,1.750313247,2.122690536
1/1/2024,88,,carry_over,2,mq,sds_both,,blank_hi,0.021103,-0.000355,-0.00082,0.001026,-0.021458,-0.0216905,-0.0005875,-102.784,-0.021152667,-4.97E-05,-100.236,188.5564147,202.4500794,-1933.148402
1/1/2024,89,,carry_over,2,mq,sds_both,,blank_lo,,,,,0,#DIV/0!,#DIV/0!,#DIV/0!,#DIV/0!,#DIV/0!,#DIV/0!,#DIV/0!,#DIV/0!,#DIV/0!
1/1/2024,89,,carry_over,2,mq,sds_both,,45,0.442472,0.429921,0.441695,0.4407,-2.83656367,-0.006664,0.435808,-1.506,-0.005033333,0.437438667,-1.138,1.605545786,1.343853495,1.49265975
1/1/2024,89,,carry_over,2,mq,sds_both,,blank_hi,0.016465,0.00191,0.000271,-0.000661,-0.014555,-0.0153745,0.0010905,-93.377,-0.015958333,0.000506667,-96.923,143.4230507,179.0298588,256.8948713
1/1/2024,90,,carry_over,2,mq,sds_both,,blank_lo,,,,,0,#DIV/0!,#DIV/0!,#DIV/0!,#DIV/0!,#DIV/0!,#DIV/0!,#DIV/0!,#DIV/0!,#DIV/0!
1/1/2024,90,,carry_over,3,mq,sds_both,,45,0.435598,0.44493,0.457439,0.447292,2.142342251,0.0155865,0.4511845,3.578,0.014289,0.449887,3.28,2.457222705,2.010156731,1.477259394
1/1/2024,90,,carry_over,1,mq,sds_both,,blank_hi,0.004177,-0.004233,-0.006253,-0.004473,-0.00841,-0.00942,-0.005243,-225.521,-0.009163333,-0.004986333,-219.376,-263.0350569,-173.2302324,-22.13068159
1/1/2024,91,,carry_over,2,mq,sds_both,,blank_lo,,,,,0,#DIV/0!,#DIV/0!,#DIV/0!,#DIV/0!,#DIV/0!,#DIV/0!,#DIV/0!,#DIV/0!,#DIV/0!
1/1/2024,91,,carry_over,2,mq,sds_both,,45,0.430034,0.421339,0.432573,0.444869,-2.021933149,-0.003078,0.426956,-0.716,0.002893,0.432927,0.673,1.376555659,2.248385046,2.718470705
1/1/2024,91,,carry_over,2,mq,sds_both,,blank_hi,0.012064,-0.005236,-0.006815,-0.005566,-0.0173,-0.0180895,-0.0060255,-149.946,-0.017936333,-0.005872333,-148.677,241702.5194,-647.8597616,-14.18313124
1/2/2024,92,,carry_over,2,mq,other,,0 Carrier,-0.032909,-0.032493,-0.031333,-0.031771,0.000416,0.000996,-0.031913,-3.027,0.001043333,-0.031865667,-3.17,-2.532934589,-2.202951931,-1.838234241
1/2/2024,92,,carry_over,2,mq,other,,0 Tube,-0.02682,-0.028762,-0.027568,-0.024929,0.001942,-0.001345,-0.028165,5.015,-0.000266333,-0.027086333,0.993,-3.533969373,-5.947425268,-7.241181374
1/2/2024,92,,carry_over,2,mq,other,,0 Carrier,-0.026664,-0.023749,-0.026707,-0.031645,0.002915,0.001436,-0.025228,-5.386,-0.000703,-0.027367,2.637,-6.595664104,-12.04816865,-14.57653676
1/2/2024,93,,carry_over,2,mq,other,,blank_lo,-0.031772,-0.031206,-0.031489,-0.031601,0.000566,0.0004245,-0.0313475,-1.336,0.00034,-0.031432,-1.07,-0.898726539,-0.754378842,-0.647669696
1/2/2024,93,,carry_over,2,mq,other,,45,0.410392,0.466441,0.466214,0.455588,13.65742997,0.0559355,0.4663275,13.63,0.052355667,0.462747667,12.757,7.213725677,5.9296177,1.340145481
1/2/2024,93,,carry_over,2,mq,other,,blank_hi,-0.00849,-0.031028,-0.030231,-0.030957,-0.022538,-0.0221395,-0.0306295,260.771,-0.022248667,-0.030738667,262.057,-55.00490303,-44.20853375,-1.434945573
1/2/2024,94,,carry_over,1,mq,no_sds,,blank_lo,-0.0227,-0.035022,-0.029309,-0.030759,-0.012322,-0.0094655,-0.0321655,41.698,-0.008996667,-0.031696667,39.633,-21.25596752,-17.3536606,-9.369064624
1/2/2024,94,,carry_over,1,mq,no_sds,,45,0.437022,0.4679,0.47595,0.467789,7.065548188,0.034903,0.471925,7.987,0.033524333,0.470546333,7.671,4.464418299,3.719927061,0.994597422
1/2/2024,94,,carry_over,1,mq,no_sds,,blank_hi,-0.008434,-0.030022,-0.029777,-0.029446,-0.021588,-0.0214655,-0.0298995,254.512,-0.021314333,-0.029748333,252.719,-54.49145259,-43.65228937,-0.971711724
1/2/2024,,,cal_curve,1,mq,no_sds,,Blank,-0.030249,-0.027509,-0.023479,-0.024233,0.00274,0.004755,-0.025494,-15.72,0.005175333,-0.025073667,-17.109,-12.57587853,-11.84598821,-8.544783177
1/2/2024,,,cal_curve,1,mq,no_sds,,9,0.057007,0.064629,0.065487,0.067945,13.37028786,0.008051,0.065058,14.123,0.009013333,0.066020333,15.811,7.483850499,7.403028993,2.606973467
1/2/2024,95,,cal_curve,1,mq,no_sds,,18,0.16551,0.172321,0.172044,0.17129,4.115159205,0.0066725,0.1721825,4.031,0.006375,0.171885,3.852,2.268119756,1.889195653,0.310424877
1/2/2024,,,cal_curve,1,mq,no_sds,,27,0.25492,0.270377,0.268176,0.261928,6.063470893,0.0143565,0.2692765,5.632,0.011907,0.266827,4.671,3.161342744,2.632683385,1.642661391
1/2/2024,,,cal_curve,1,mq,no_sds,,36,0.332208,0.352553,0.368084,0.368464,6.124175216,0.0281105,0.3603185,8.462,0.030825667,0.363033667,9.279,5.126609269,4.813219542,2.500735564
1/2/2024,,,cal_curve,1,mq,no_sds,,45,0.441293,0.46173,0.455808,0.46028,4.631163422,0.017476,0.458769,3.96,0.017979667,0.459272667,4.074,2.321541856,2.052971937,0.672114195
1/2/2024,,,cal_curve,1,sw,no_sds,,Blank,0.006888,-0.015929,-0.018427,-0.018619,-0.022817,-0.024066,-0.017178,-349.39,-0.024546333,-0.017658333,-356.364,-152.3649622,-107.0512953,-8.498651844
1/2/2024,,,cal_curve,1,sw,no_sds,,9,0.071851,0.078562,0.080588,0.086495,9.34016228,0.007724,0.079575,10.75,0.010030667,0.081881667,13.96,5.939015604,7.609284298,5.033711451
1/2/2024,96,,cal_curve,1,sw,no_sds,,18,0.185939,0.194481,0.195021,0.203819,4.593979746,0.008812,0.194751,4.739,0.011834667,0.197773667,6.365,2.656103752,3.748777861,2.650691525
1/2/2024,,,cal_curve,1,sw,no_sds,,27,0.276005,0.292605,0.287194,0.283846,6.014383797,0.0138945,0.2898995,5.034,0.011876667,0.287881667,4.303,2.967713885,2.438952118,1.535285649
1/2/2024,,,cal_curve,1,sw,no_sds,,36,0.36194,0.372917,0.378695,0.388644,3.03282312,0.013866,0.375806,3.831,0.018145333,0.380085333,5.013,2.292898888,2.971139837,2.092990369
1/2/2024,,,cal_curve,1,sw,no_sds,,45,0.472078,0.485313,0.48318,0.491072,2.803562123,0.0121685,0.4842465,2.578,0.014443667,0.486521667,3.06,1.479824749,1.647092757,0.839113986
1/2/2024,,,cal_curve,1,mq,sds_car,,Blank,-0.016672,-0.024209,-0.02328,-0.022643,-0.007537,-0.0070725,-0.0237445,42.421,-0.006705333,-0.023377333,40.219,-19.21561992,-15.73094152,-3.368751124
1/2/2024,,,cal_curve,1,mq,sds_car,,9,0.061392,0.06309,0.06612,0.066696,2.765832682,0.003213,0.064605,5.234,0.00391,0.065302,6.369,3.76974129,3.909420659,2.966488462
1/2/2024,97,,cal_curve,1,mq,sds_car,,18,0.159628,0.160879,0.162893,0.159955,0.783697096,0.002258,0.161886,1.415,0.001614333,0.161242333,1.011,1.022315981,0.912956807,0.931716432
1/2/2024,,,cal_curve,1,mq,sds_car,,27,0.263005,0.265998,0.257449,0.255775,1.138001179,-0.0012815,0.2617235,-0.487,-0.003264333,0.259740667,-1.241,1.654796468,1.82889302,2.111055096
1/2/2024,,,cal_curve,1,mq,sds_car,,36,0.337674,0.347698,0.349141,0.367965,2.968543625,0.0107455,0.3484195,3.182,0.017260667,0.354934667,5.112,1.811208964,3.60453865,3.185837391
1/2/2024,,,cal_curve,1,mq,sds_car,,45,0.420158,0.426263,0.4252,0.449161,1.453024814,0.0055735,0.4257315,1.327,0.013383333,0.433541333,3.185,0.769441705,3.003531511,3.122531771
1/2/2024,,,cal_curve,1,sw,sds_car,,Blank,0.001506,-0.008785,-0.009481,-0.008977,-0.010291,-0.010639,-0.009133,-706.441,-0.010587,-0.009081,-702.988,-110.1243366,-82.39702417,-3.958443685
1/2/2024,,,cal_curve,1,sw,sds_car,,9,0.085269,0.085496,0.087908,0.089266,0.266216327,0.001433,0.086702,1.681,0.002287667,0.087556667,2.683,1.696167266,2.222942154,2.180757026
1/2/2024,98,,cal_curve,1,sw,sds_car,,18,0.192392,0.196532,0.198133,0.205763,2.151856626,0.0049405,0.1973325,2.568,0.007750667,0.200142667,4.029,1.513957021,2.819923365,2.464611223
1/2/2024,,,cal_curve,1,sw,sds_car,,27,0.269837,0.276983,0.273531,0.27195,2.648265434,0.00542,0.275257,2.009,0.004317667,0.274154667,1.6,1.306885546,1.10328112,0.938816379
1/2/2024,,,cal_curve,1,sw,sds_car,,36,0.362934,0.370534,0.372394,0.38963,2.094044647,0.00853,0.371464,2.35,0.014585333,0.377519333,4.019,1.359619731,3.015351374,2.789074783
1/2/2024,,,cal_curve,1,sw,sds_car,,45,0.488298,0.493474,0.493089,0.493521,1.060008437,0.0049835,0.4932815,1.021,0.005063333,0.493361333,1.037,0.586561878,0.515967405,0.04804095
1/23/2024,,,cal_curve,1,mq,sds_mo,,Blank,-0.013148,-0.027827,-0.028249,-0.028766,-0.014679,-0.01489,-0.028038,113.249,-0.015132667,-0.028280667,115.095,-37.26742688,-30.92589534,-1.662974442
1/23/2024,,,cal_curve,1,mq,sds_mo,,9,0.070097,0.070221,0.075171,0.074943,0.176897727,0.002599,0.072696,3.708,0.003348,0.073445,4.776,4.029454421,3.897429942,3.804741292
1/23/2024,99,,cal_curve,1,mq,sds_mo,,18,0.177342,0.184947,0.178573,0.180973,4.288324255,0.004418,0.18176,2.491,0.004155667,0.181497667,2.343,2.264196544,1.856697623,1.773701835
1/23/2024,,,cal_curve,1,mq,sds_mo,,27,0.271145,0.275793,0.278154,0.285442,1.714211953,0.0058285,0.2769735,2.15,0.008651333,0.279796333,3.191,1.296635108,2.148395068,1.797659624
1/23/2024,,,cal_curve,1,mq,sds_mo,,36,0.368821,0.372887,0.375564,0.377057,1.102431803,0.0054045,0.3742255,1.465,0.006348333,0.375169333,1.721,0.911665141,0.967033976,0.563166762
1/23/2024,,,cal_curve,1,mq,sds_mo,,45,0.460185,0.465422,0.478309,0.48628,1.138020579,0.0116805,0.4718655,2.538,0.016485333,0.476670333,3.582,1.993111377,2.519888687,2.208048267
1/23/2024,,,cal_curve,1,sw,sds_mo,,Blank,-0.00244,-0.011771,-0.015101,-0.014211,-0.009331,-0.010996,-0.013436,450.656,-0.011254333,-0.013694333,461.243,-67.17298505,-53.31039917,-12.58969377
1/23/2024,,,cal_curve,1,sw,sds_mo,,9,0.087156,0.088014,0.088915,0.088839,0.984441691,0.0013085,0.0884645,1.501,0.001433333,0.088589333,1.645,0.99920964,0.934669695,0.564063668
1/23/2024,100,,cal_curve,1,sw,sds_mo,,18,0.207644,0.209094,0.203857,0.204999,0.69831057,-0.0011685,0.2064755,-0.563,-0.001660667,0.205983333,-0.8,1.307137766,1.1612778,1.336887699
1/23/2024,,,cal_curve,1,sw,sds_mo,,27,0.290331,0.302348,0.286394,0.285635,4.139068856,0.00404,0.294371,1.392,0.001128,0.291459,0.389,2.836290229,2.653551025,3.238117091
1/23/2024,,,cal_curve,1,sw,sds_mo,,36,0.390553,0.392085,0.379859,0.385266,0.392264302,-0.004581,0.385972,-1.173,-0.004816333,0.385736667,-1.233,1.718875997,1.4347947,1.588278991
1/23/2024,,,cal_curve,1,sw,sds_mo,,45,0.514095,0.514731,0.507255,0.505389,0.123712543,-0.003102,0.510993,-0.603,-0.00497,0.509125,-0.967,0.809506113,0.928774952,0.97103373
1/23/2024,,,cal_curve,1,mq,sds_both,,Blank,-0.011375,-0.021213,-0.021552,-0.019997,-0.009838,-0.0100075,-0.0213825,87.978,-0.009545667,-0.020920667,83.918,-32.02984041,-26.00214188,-3.908478925
1/23/2024,,,cal_curve,1,mq,sds_both,,9,0.075591,0.077915,0.079373,0.077325,3.074440079,0.003053,0.078644,4.039,0.002613333,0.078204333,3.457,2.457224268,2.017639693,1.348021513
1/23/2024,101,,cal_curve,1,mq,sds_both,,18,0.181085,0.181855,0.183662,0.18181,0.425214678,0.0016735,0.1827585,0.924,0.001357333,0.182442333,0.75,0.726022357,0.602734207,0.57908815
1/23/2024,,,cal_curve,1,mq,sds_both,,27,0.273365,0.27438,0.28207,0.277848,0.371298447,0.00486,0.278225,1.778,0.004734333,0.278099333,1.732,1.720851253,1.421324282,1.384813044
1/23/2024,,,cal_curve,1,mq,sds_both,,36,0.384272,0.386108,0.388959,0.379803,0.477786568,0.0032615,0.3875335,0.849,0.000684667,0.384956667,0.178,0.611144635,0.998176244,1.217104245
1/23/2024,,,cal_curve,1,mq,sds_both,,45,0.480409,0.482335,0.484034,0.499298,0.400908393,0.0027755,0.4831845,0.578,0.008146667,0.488555667,1.696,0.376080682,1.777336724,1.912133871
1/23/2024,,,cal_curve,1,sw,sds_both,,Blank,0.018793,0.003374,0.00512,0.004834,-0.015419,-0.014546,0.004247,-77.401,-0.014350333,0.004442667,-76.36,92.82870941,89.85764259,21.07911804
1/23/2024,,,cal_curve,1,sw,sds_both,,9,0.097903,0.093442,0.093122,0.095611,-4.556550872,-0.004621,0.093282,-4.72,-0.003844667,0.094058333,-3.927,2.818670361,2.333853168,1.439675237
1/23/2024,102,,cal_curve,1,sw,sds_both,,18,0.218027,0.213647,0.212997,0.217233,-2.0089255,-0.004705,0.213322,-2.158,-0.003401333,0.214625667,-1.56,1.273117199,1.170550965,1.06291383
1/23/2024,,,cal_curve,1,sw,sds_both,,27,0.304004,0.291952,0.291918,0.301592,-3.964421521,-0.012069,0.291935,-3.97,-0.00885,0.295154,-2.911,2.35440878,2.134941695,1.889013012
1/23/2024,,,cal_curve,1,sw,sds_both,,36,0.393022,0.373559,0.379101,0.393755,-4.952140084,-0.016692,0.37633,-4.247,-0.010883667,0.382138333,-2.769,2.625754363,2.626855784,2.730679313
1/23/2024,,,cal_curve,1,sw,sds_both,,45,0.523765,0.495633,0.498416,0.518124,-5.37111109,-0.0267405,0.4970245,-5.105,-0.019707333,0.504057667,-3.763,3.063856973,2.759796773,2.432463429
2/2/2024,,,cal_curve,1,mq,sds_ox_mo,,Blank,0.005759,0.004981,0.002031,0.005309,-0.000778,-0.002253,0.003506,-39.121,-0.001652,0.004107,-28.686,46.19752378,37.38279951,43.95746799
2/2/2024,,,cal_curve,1,mq,sds_ox_mo,,9,0.104509,0.106919,0.1018,0.106913,2.306021491,-0.0001495,0.1043595,-0.143,0.000701667,0.105210667,0.671,2.452802717,2.320260307,2.807439202
2/2/2024,103,,cal_curve,1,mq,sds_ox_mo,,18,0.206244,0.196984,0.201018,0.210283,-4.489827583,-0.007243,0.199001,-3.512,-0.003482333,0.202761667,-1.688,2.305072344,2.864696082,3.362966589
2/2/2024,,,cal_curve,1,mq,sds_ox_mo,,27,0.320574,0.302625,0.301801,0.319074,-5.599019259,-0.018361,0.302213,-5.728,-0.012740667,0.307833333,-3.974,3.44066968,3.276876727,3.165159985
2/2/2024,,,cal_curve,1,mq,sds_ox_mo,,36,0.406809,0.395607,0.394241,0.402536,-2.753626395,-0.011885,0.394924,-2.922,-0.009347667,0.397461333,-2.298,1.728744962,1.480439054,1.118988485
2/2/2024,,,cal_curve,1,mq,sds_ox_mo,,45,0.513845,0.488198,0.492695,0.504934,-4.991193843,-0.0233985,0.4904465,-4.554,-0.018569333,0.495275667,-3.614,2.748637313,2.334625694,1.748785849
2/2/2024,,,cal_curve,1,sw,sds_ox_mo,,Blank,0.040257,0.035961,0.038363,0.037595,-0.004296,-0.003095,0.037162,-7.688,-0.002950667,0.037306333,-7.33,5.637060448,4.687256687,3.288295741
2/2/2024,,,cal_curve,1,sw,sds_ox_mo,,9,0.114092,0.114886,0.111969,0.11799,0.695929601,-0.0006645,0.1134275,-0.582,0.000856333,0.114948333,0.751,1.326993098,2.174995234,2.619423754
2/2/2024,104,,cal_curve,1,sw,sds_ox_mo,,18,0.243791,0.237441,0.22803,0.229207,-2.604690083,-0.0110555,0.2327355,-4.535,-0.012231667,0.231559333,-5.017,3.354142431,3.159002909,2.214359619
2/2/2024,,,cal_curve,1,sw,sds_ox_mo,,27,0.317882,0.308609,0.304674,0.30998,-2.917120189,-0.0112405,0.3066415,-3.536,-0.010127667,0.307754333,-3.186,2.184810321,1.785689759,0.894971917
2/2/2024,,,cal_curve,1,sw,sds_ox_mo,,36,0.410877,0.40236,0.39323,0.398941,-2.072883126,-0.013082,0.397795,-3.184,-0.0127,0.398177,-3.091,2.194492089,1.839506659,1.15845454
2/2/2024,,,cal_curve,1,sw,sds_ox_mo,,45,0.491329,0.50778,0.486579,0.487854,3.348265622,0.0058505,0.4971795,1.191,0.002742,0.494071,0.558,2.246564887,1.987092376,2.406424505
2/2/2024,,,cal_curve,1,mq,sds_all,,Blank,0.007208,-0.008203,-0.004847,-0.007303,-0.015411,-0.013733,-0.006525,-190.524,-0.013992333,-0.006784333,-194.122,-416.1777463,-217.222844,-25.60427762
2/2/2024,,,cal_curve,1,mq,sds_all,,9,0.092291,0.0858833,0.089003,0.090974,-6.942930513,-0.00484785,0.08744315,-5.253,-0.0036709,0.0886201,-3.978,3.597856198,3.111452232,2.89647513
2/2/2024,105,,cal_curve,1,mq,sds_all,,18,0.208023,0.207087,0.212463,0.21522,-0.449950246,0.001752,0.209775,0.842,0.003567,0.21159,1.715,1.372918665,1.812635266,1.954810771
2/2/2024,,,cal_curve,1,mq,sds_all,,27,0.292401,0.288753,0.280412,0.29168,-1.247601752,-0.0078185,0.2845825,-2.674,-0.005452667,0.286948333,-1.865,2.139945217,1.906795006,2.037564516
2/2/2024,,,cal_curve,1,mq,sds_all,,36,0.376587,0.386751,0.368155,0.384025,2.698977925,0.000866,0.377453,0.23,0.003056667,0.379643667,0.812,2.468800052,2.201440325,2.6452182
2/2/2024,,,cal_curve,1,mq,sds_all,,45,0.469977,0.483888,0.470266,0.487764,2.959932082,0.0071,0.477077,1.511,0.010662333,0.480639333,2.269,1.674580339,1.925795148,1.912085024
2/2/2024,,,cal_curve,1,sw,sds_all,,Blank,0.028453,0.015612,0.019387,0.018451,-0.012841,-0.0109535,0.0174995,-38.497,-0.010636333,0.017816667,-37.382,31.20315365,27.1301656,11.03359016
2/2/2024,,,cal_curve,1,sw,sds_all,,9,0.118468,0.115337,0.120695,0.111685,-2.642907789,-0.000452,0.118016,-0.382,-0.002562333,0.115905667,-2.163,2.277867594,3.359824691,3.909937069
2/2/2024,106,,cal_curve,1,sw,sds_all,,18,0.225269,0.21953,0.219244,0.22915,-2.547620844,-0.005882,0.219387,-2.611,-0.002627667,0.222641333,-1.166,1.535585973,2.144040535,2.532541567
2/2/2024,,,cal_curve,1,sw,sds_all,,27,0.297791,0.289622,0.296312,0.296809,-2.743199089,-0.004824,0.292967,-1.62,-0.003543333,0.294247667,-1.19,1.477621069,1.262265394,1.364036311
2/2/2024,,,cal_curve,1,sw,sds_all,,36,0.374454,0.369154,0.368997,0.366997,-1.415394147,-0.0053785,0.3690755,-1.436,-0.006071333,0.368382667,-1.621,0.837566923,0.862534589,0.326450579
2/2/2024,,,cal_curve,1,sw,sds_all,,45,0.473515,0.463698,0.481975,0.480288,-2.073218377,-0.0006785,0.4728365,-0.143,0.001805333,0.475320333,0.381,1.93354767,1.747069491,2.124991803
2/8/2024,,,carry_over,2,mq,no_sds,,blank_lo,-0.004754,-0.007082,-0.007148,-0.007065,-0.002328,-0.002361,-0.007115,49.663,-0.002344333,-0.007098333,49.313,-21.54746171,-18.00780376,-0.617672063
2/8/2024,107,,carry_over,2,mq,no_sds,,45,0.49647,0.50578,0.485616,0.490761,1.875239189,-0.000772,0.495698,-0.155,-0.002417667,0.494052333,-0.487,2.034829911,1.746579148,2.12066275
2/8/2024,,,carry_over,2,mq,no_sds,,blank_hi,0.002612,-0.004131,-0.005362,-0.06164,-0.006743,-0.0073585,-0.0047465,-281.719,-0.026323,-0.023711,-1007.772,-187.1582465,-174.4251284,-138.5569723
2/8/2024,,,carry_over,1,mq,other,,blank_lo,-0.008076,-0.006402,0.010335,-0.008826,0.001674,0.0100425,0.0019665,-124.35,0.006445,-0.001631,-79.804,-737.2062482,-280.9172433,-639.6992439
2/8/2024,108,,carry_over,1,mq,other,,45,0.459587,0.478013,0.480856,0.486049,4.009251785,0.0198475,0.4794345,4.319,0.022052333,0.481639333,4.798,2.442118553,2.418939565,0.846040937
2/8/2024,,,carry_over,1,mq,other,,blank_hi,0.028212,-0.03029,-0.031075,-0.033518,-0.058502,-0.0588945,-0.0306825,-208.757,-0.059839667,-0.031627667,-212.107,-307.7098969,-179.6966645,-5.322781254
2/8/2024,,,carry_over,1,mq,other,,blank_lo,-0.024515,-0.028211,-0.0259928,-0.026382,-0.003696,-0.0025869,-0.0271019,10.552,-0.002346933,-0.026861933,9.573,-7.089738306,-5.787251489,-4.409294396
2/8/2024,109,,carry_over,1,mq,other,,45,0.42782,0.468195,0.452317,0.445962,9.437380207,0.032436,0.460256,7.582,0.027671333,0.455491333,6.468,4.525647151,3.722634071,2.514069706
2/8/2024,,,carry_over,1,mq,other,,blank_hi,0.002258,-0.0024966,-0.026438,-0.024801,-0.0047546,-0.0167253,-0.0144673,-740.713,-0.020169867,-0.017911867,-893.262,-172.9600159,-115.5064215,-74.67161686
2/8/2024,,,carry_over,1,mq,other,,blank_lo,-0.002035,-0.001149,-0.001168,0.000547,0.000886,0.0008765,-0.0011585,-43.071,0.001445,-0.00059,-71.007,-34.88993621,-113.6345946,-166.9011374
2/8/2024,110,,carry_over,1,mq,other,,45,0.475842,0.492366,0.495069,0.487409,3.472581235,0.0178755,0.4937175,3.757,0.015772667,0.491614667,3.315,2.133951537,1.743046182,0.790228235
2/8/2024,,,carry_over,1,mq,other,,blank_hi,0.023408,-0.00093,-0.000867,-0.01016,-0.024338,-0.0243065,-0.0008985,-103.838,-0.027393667,-0.003985667,-117.027,194.8091204,502.1692887,-134.1613022
2/8/2024,,,carry_over,2,mq,other,,blank_lo,0.00093,-0.00144,-0.00589,,-0.00237,-0.004595,-0.003665,-494.086,-0.004595,-0.003665,-494.086,-162.3028401,-162.3028401,-85.85607575
2/8/2024,111,,carry_over,2,mq,other,,45,0.467969,0.480319,,,2.639063699,0.01235,0.480319,2.639,0.01235,0.480319,2.639,1.841796743,1.841796743,#DIV/0!
2/8/2024,,,carry_over,2,mq,other,,blank_hi,,,,,0,#DIV/0!,#DIV/0!,#DIV/0!,#DIV/0!,#DIV/0!,#DIV/0!,#DIV/0!,#DIV/0!,#DIV/0!
2/9/2024,,1454,carry_over,1,mq,no_sds,,blank_lo,0.007113,-0.002825,-0.002129,-0.002085,-0.009938,-0.00959,-0.002477,-134.824,-0.009459333,-0.002346333,-132.987,770.8728029,25631.33032,-17.69232274
2/9/2024,112,1458,carry_over,1,mq,no_sds,,45,0.424295,0.470691,0.479422,0.50338,10.93484486,0.0507615,0.4750565,11.964,0.060202667,0.484497667,14.189,6.467624728,7.055534593,3.493362835
2/9/2024,,1462,carry_over,1,mq,no_sds,,blank_hi,0.017415,-0.000909,-0.006969,-0.008623,-0.018324,-0.021354,-0.003939,-122.618,-0.022915333,-0.005500333,-131.584,399.3588,5220.077448,-73.83740507
2/9/2024,,1466,carry_over,1,mq,sds_car,,blank_lo,-0.008877,-0.008682,-0.007899,-0.006152,0.000195,0.0005865,-0.0082905,-6.607,0.001299333,-0.007577667,-14.637,-6.099722476,-15.70608333,-17.09296083
2/9/2024,113,1470,carry_over,1,mq,sds_car,,45,0.450475,0.465649,0.47253,0.468978,3.36844442,0.0186145,0.4690895,4.132,0.018577333,0.469052333,4.124,2.437835288,2.089606695,0.733628628
2/9/2024,,1474,carry_over,1,mq,sds_car,,blank_hi,0.00684,-0.006549,-0.004056,-0.004574,-0.013389,-0.0121425,-0.0053025,-177.522,-0.011899667,-0.005059667,-173.972,-567.3649828,-290.0114998,-26.0006836
2/9/2024,,1478,sds_mo_seq,1,mq,sds_mo_seq,3,blank_lo,-0.005441,-0.007932,-0.008193,-0.00719,-0.002491,-0.0026215,-0.0080625,48.18,-0.002330667,-0.007771667,42.835,-21.13242149,-17.25375234,-6.695700172
2/9/2024,114,1482,sds_mo_seq,1,mq,sds_mo_seq,3,45,0.477873,0.499448,0.477769,0.498205,4.514797865,0.0107355,0.4886085,2.247,0.013934333,0.491807333,2.916,2.574369121,2.485690563,2.475243412
2/9/2024,,1486,sds_mo_seq,1,mq,sds_mo_seq,3,blank_hi,0.008394,-0.008143,-0.00901,-0.008837,-0.016537,-0.0169705,-0.0085765,-202.174,-0.017057333,-0.008663333,-203.209,-335.9119063,-194.0643671,-5.296447735
2/9/2024,,1491,carry_over,1,mq,sds_mo,,blank_lo,-0.007244,-0.010099,-0.006763,-0.00885,-0.002855,-0.001187,-0.008431,16.386,-0.001326667,-0.008570667,18.314,-22.44209416,-18.54219306,-19.66534047
2/9/2024,115,1495,carry_over,1,mq,sds_mo,,45,0.485469,0.486216,0.489215,0.482913,0.153871823,0.0022465,0.4877155,0.463,0.000645667,0.486114667,0.133,0.40713526,0.533785107,0.648452315
2/9/2024,,1499,carry_over,1,mq,sds_mo,,blank_hi,0.003446,-0.009077,-0.009273,-0.009243,-0.012523,-0.012621,-0.009175,-366.251,-0.012643667,-0.009197667,-366.909,-146.6867295,-104.7321981,-1.147806989
2/9/2024,,1503,carry_over,1,mq,sds_mo,,blank_lo,-0.010747,-0.015166,-0.014972,-0.015695,-0.004419,-0.004322,-0.015069,40.216,-0.004530667,-0.015277667,42.158,-18.32353545,-16.16009804,-2.449402935
2/9/2024,116,1507,carry_over,1,mq,sds_mo,,45,0.484601,0.501256,0.488563,0.492077,3.436848046,0.0103085,0.4949095,2.127,0.009364333,0.493965333,1.932,1.770302034,1.446305529,1.326775121
2/9/2024,,1511,carry_over,1,mq,sds_mo,,blank_hi,0.007285,-0.0075,-0.012256,-0.012256,-0.014785,-0.017163,-0.009878,-235.594,-0.017163,-0.009878,-235.594,-245.1385037,-245.1385037,-34.04535181
2/9/2024,,1515,carry_over,1,mq,sds_mo,,blank_lo,-0.013091,-0.01217,-0.015532,-0.012467,0.000921,-0.00076,-0.013851,5.806,7.50E-05,-0.013016,-0.573,-12.77663251,-13.89357948,-17.0369488
2/9/2024,117,1519,carry_over,1,mq,sds_mo,,45,0.475006,0.487622,0.488583,0.490282,2.655966451,0.0130965,0.4881025,2.757,0.013823,0.488829,2.91,1.566247716,1.441870539,0.275547219
2/9/2024,,1523,carry_over,1,mq,sds_mo,,blank_hi,0.007786,-0.011637,-0.013437,-0.01231,-0.019423,-0.020323,-0.012537,-261.02,-0.020247333,-0.012461333,-260.048,-204.210241,-137.1831321,-7.298515535
2/9/2024,,1527,sds_mo_seq,1,mq,sds_mo_seq,3,blank_lo,-0.012438,-0.011093,-0.013069,-0.010435,0.001345,0.000357,-0.012081,-2.87,0.000905667,-0.011532333,-7.281,-8.272709251,-10.26836643,-11.88707535
2/9/2024,,1531,sds_mo_seq,1,mq,sds_mo_seq,3,45,0.471308,0.497653,0.512374,0.488803,5.589762958,0.0337055,0.5050135,7.151,0.028302,0.49961,6.005,4.213506223,3.485787099,2.383206393
2/9/2024,,1535,sds_mo_seq,1,mq,sds_mo_seq,3,blank_hi,0.00999,-0.0011063,-0.012394,-0.027514,-0.0110963,-0.01674015,-0.00675015,-167.569,-0.023661433,-0.013671433,-236.851,-956.5111002,-206.6962636,-96.91825343
2/9/2024,,1544,cal_curve,2,mq,other,,Blank,-0.011811,-0.006569,-0.008704,-0.007666,0.005242,0.0041745,-0.0076365,-35.344,0.004164667,-0.007646333,-35.261,-29.19779208,-25.98485537,-13.96271671
2/9/2024,,1548,cal_curve,2,mq,other,,9,0.078417,0.090959,0.091565,0.091304,15.9939809,0.012845,0.091262,16.38,0.012859,0.091276,16.398,8.533252536,7.306605891,0.333021548
2/9/2024,118,1552,cal_curve,2,mq,other,,18,0.174222,0.188728,0.189325,0.190104,8.326158579,0.0148045,0.1890265,8.497,0.015163667,0.189385667,8.704,4.64583372,4.096417772,0.364337572
2/9/2024,,1556,cal_curve,2,mq,other,,27,0.281349,0.285761,0.287401,0.283599,1.568159119,0.005232,0.286581,1.86,0.004238,0.285587,1.506,1.09888015,0.924179077,0.667734536
2/9/2024,,1560,cal_curve,2,mq,other,,36,,,,,#DIV/0!,#DIV/0!,#DIV/0!,#DIV/0!,#DIV/0!,#DIV/0!,#DIV/0!,#DIV/0!,#DIV/0!,#DIV/0!
2/9/2024,,,cal_curve,2,mq,other,,45,,,,,#DIV/0!,#DIV/0!,#DIV/0!,#DIV/0!,#DIV/0!,#DIV/0!,#DIV/0!,#DIV/0!,#DIV/0!,#DIV/0!
2/12/2024,,1565,carry_over,1,mq,no_sds,,blank_lo,-0.006513,-0.007138,-0.008766,-0.007093,-0.000625,-0.001439,-0.007952,22.094,-0.001152667,-0.007665667,17.698,-15.56561886,-13.12685814,-12.43443337
2/12/2024,119,1569,carry_over,1,mq,no_sds,,45,0.478411,0.514521,0.498352,0.518611,7.547903372,0.0280255,0.5064365,5.858,0.032083667,0.510494667,6.706,3.638704301,3.636325142,2.098524629
2/12/2024,,1573,carry_over,1,mq,no_sds,,blank_hi,0.020436,-0.007439,-0.010041,-0.011704,-0.027875,-0.029176,-0.00874,-142.768,-0.030164,-0.009728,-147.602,1714.64187,-694.2747061,-22.09764402
2/12/2024,,1577,sds_mo_seq,2,mq,sds_mo_seq,1,blank_lo,-0.004492,-0.007012,-0.007515,-0.008661,-0.00252,-0.0027715,-0.0072635,61.699,-0.003237333,-0.007729333,72.069,-25.54977323,-25.42798865,-10.93413433
2/12/2024,120,1581,sds_mo_seq,2,mq,sds_mo_seq,1,45,0.48207,0.511834,0.499941,0.52033,6.174207065,0.0238175,0.5058875,4.941,0.028631667,0.510701667,5.939,3.008689859,3.292501506,2.005389139
2/12/2024,,1585,sds_mo_seq,2,mq,sds_mo_seq,1,blank_hi,0.005392,-0.007157,-0.008711,-0.010258,-0.012549,-0.013326,-0.007934,-247.144,-0.014100667,-0.008708667,-261.511,-221.4463082,-138.1902791,-17.80411831
2/12/2024,,1589,sds_mo_seq,2,mq,sds_mo_seq,2,blank_lo,-0.008063,-0.009305,-0.006166,-0.009246,-0.001242,0.0003275,-0.0077355,-4.062,-0.000176,-0.008239,2.183,-20.15189018,-17.92152547,-21.7928513
2/12/2024,121,1593,sds_mo_seq,2,mq,sds_mo_seq,2,45,0.486849,0.520168,0.510319,0.520168,6.84380578,0.0283945,0.5152435,5.832,0.030036,0.516885,6.169,3.384334152,3.085992171,1.10011372
2/12/2024,,1597,sds_mo_seq,2,mq,sds_mo_seq,2,blank_hi,0.010313,-0.008128,-0.007029,-0.00853,-0.018441,-0.0178915,-0.0075785,-173.485,-0.018208667,-0.007895667,-176.56,-640.64416,-272.9597981,-9.840884434
2/12/2024,,1601,sds_mo_seq,2,mq,sds_mo_seq,3,blank_lo,-0.005674,-0.00957,-0.011533,-0.011414,-0.003896,-0.0048775,-0.0105515,85.962,-0.005165,-0.010839,91.029,-33.41118584,-28.63902348,-10.15403402
2/12/2024,122,1605,sds_mo_seq,2,mq,sds_mo_seq,3,45,0.483141,0.511819,0.499708,0.511,5.935741326,0.0226225,0.5057635,4.682,0.024368,0.507509,5.044,2.889587985,2.668177162,1.333624333
2/12/2024,,1609,sds_mo_seq,2,mq,sds_mo_seq,3,blank_hi,0.004286,-0.008082,-0.01056,-0.009038,-0.012368,-0.013607,-0.009321,-317.476,-0.013512667,-0.009226667,-315.275,-166.1975897,-116.8325787,-13.544728
2/12/2024,,1613,carry_over,1,mq,sds_car,,blank_lo,-0.011362,-0.006749,-0.005027,-0.004821,0.004613,0.005474,-0.005888,-48.178,0.005829667,-0.005532333,-51.308,-42.47037716,-43.49664458,-19.13634888
2/12/2024,123,1617,carry_over,1,mq,sds_car,,45,0.453209,0.472681,0.470139,0.468633,4.296472488,0.018201,0.47141,4.016,0.017275333,0.470484333,3.812,2.274652845,1.887253543,0.434865891
2/12/2024,,1621,carry_over,1,mq,sds_car,,blank_hi,0.013354,-0.00455,-0.005843,-0.002025,-0.017904,-0.0185505,-0.0051965,-138.913,-0.017493333,-0.004139333,-130.997,1087.095328,3798.806913,-46.9120498
2/12/2024,,1625,carry_over,1,mq,sds_mo,,blank_lo,-0.002707,-0.007322,-0.006444,-0.006318,-0.004615,-0.004176,-0.006883,154.267,-0.003987667,-0.006694667,147.309,-44.6304066,-35.86030468,-8.169595305
2/12/2024,124,1629,carry_over,1,mq,sds_mo,,45,0.479379,0.480523,0.487523,0.486826,0.238642077,0.004644,0.484023,0.969,0.005578333,0.484957333,1.164,0.913821059,0.869834334,0.795126852
2/12/2024,,1633,carry_over,1,mq,sds_mo,,blank_hi,0.009583,-0.005981,-0.004691,-0.003826,-0.015564,-0.014919,-0.005336,-155.682,-0.014415667,-0.004832667,-150.43,-2379.50538,-591.0085569,-22.44024484
2/12/2024,,1637,sds_mo_seq,1,mq,sds_mo_seq,2,blank_lo,0.000144,-0.001251,-0.000982,-0.004254,-0.001395,-0.0012605,-0.0011165,-875.347,-0.002306333,-0.002162333,-1601.62,-106.2816485,-118.4718029,-84.00291121
2/12/2024,125,1641,sds_mo_seq,1,mq,sds_mo_seq,2,45,0.469495,0.481319,0.480753,0.476259,2.518450676,0.011541,0.481036,2.458,0.009948667,0.479443667,2.119,1.397602742,1.145849203,0.578270983
2/12/2024,,1645,sds_mo_seq,1,mq,sds_mo_seq,2,blank_hi,0.010826,-0.001398,-0.004445,-0.001848,-0.012224,-0.0137475,-0.0029215,-126.986,-0.013389667,-0.002563667,-123.681,486.5752728,871.2210896,-64.1559641
2/12/2024,,1649,sds_mo_seq,1,mq,sds_mo_seq,3,blank_lo,0.002431,0.004245,0.004435,0.003391,0.001814,0.001909,0.00434,78.527,0.001592667,0.004023667,65.515,29.86900318,25.28415809,13.8202385
2/12/2024,126,1653,sds_mo_seq,1,mq,sds_mo_seq,3,45,0.461909,0.477103,0.483281,0.485796,3.289392499,0.018283,0.480192,3.958,0.020151,0.48206,4.363,2.319857775,2.246662745,0.927949928
2/12/2024,,1657,sds_mo_seq,1,mq,sds_mo_seq,3,blank_hi,0.009295,-0.002062,-0.006424,-0.002525,-0.011357,-0.013538,-0.004243,-145.648,-0.012965333,-0.003670333,-139.487,3009.179706,-1578.417971,-65.27895953
2/14/2024,,1724,sds_mo_seq,1,mq,sds_mo_seq,4,blank_lo,-0.003088,-0.006637,0.006532,-0.003765,-0.003549,0.0030355,-0.0000525,-98.3,0.001798,-0.00129,-58.225,-640.1885895,-329.1132881,-536.7894318
2/14/2024,127,1729,sds_mo_seq,1,mq,sds_mo_seq,4,45,0.435349,0.456726,0.453202,0.466914,4.910313335,0.019615,0.454964,4.506,0.023598333,0.458947333,5.421,2.55582595,2.903415413,1.551545753
2/14/2024,,1733,sds_mo_seq,1,mq,sds_mo_seq,4,blank_hi,0.008622,-0.003673,-0.004229,-0.004571,-0.012295,-0.012573,-0.003951,-145.825,-0.012779667,-0.004157667,-148.222,3026.810954,-664.81851,-10.90106366
2/14/2024,,1737,sds_mo_seq,1,mq,sds_mo_seq,1,blank_lo,-0.008562,-0.008565,-0.007723,-0.008917,-3.00E-06,0.000418,-0.008144,-4.882,0.000160333,-0.008401667,-1.873,-5.858332631,-6.009631057,-7.302462909
2/14/2024,128,1741,sds_mo_seq,1,mq,sds_mo_seq,1,45,0.445499,0.456741,0.462866,0.457614,2.523462454,0.0143045,0.4598035,3.211,0.013574667,0.459073667,3.047,1.935727282,1.603440896,0.721700497
2/14/2024,,1745,sds_mo_seq,1,mq,sds_mo_seq,1,blank_hi,0.004404,-0.00775,-0.009106,-0.008755,-0.012154,-0.012832,-0.008428,-291.371,-0.012941,-0.008537,-293.847,-179.2366965,-122.5249602,-8.244051943
2/20/2024,,1751,carry_over,1,mq,sds_both,,blank_lo,-0.007014,-0.010361,-0.007176,-0.007683,-0.003347,-0.0017545,-0.0087685,25.014,-0.001392667,-0.008406667,19.856,-23.06258301,-19.37367254,-20.35743153
2/20/2024,129,1755,carry_over,1,mq,sds_both,,45,0.443414,0.447405,0.458132,0.44046,0.900061793,0.0093545,0.4527685,2.11,0.005251667,0.448665667,1.184,1.692775707,1.727750154,1.984371496
2/20/2024,,1759,carry_over,1,mq,sds_both,,blank_hi,0.002812,-0.008543,-0.008261,-0.008351,-0.011355,-0.011214,-0.008402,-398.791,-0.011197,-0.008385,-398.186,-138.8495088,-100.2503727,-1.717849262
2/20/2024,,1763,carry_over,1,mq,sds_mo,,blank_lo,-0.010437,-0.011056,-0.009008,-0.011362,-0.000619,0.000405,-0.010032,-3.88,-3.83E-05,-0.010475333,0.367,-10.3310471,-9.987153875,-12.21847055
2/20/2024,130,1767,carry_over,1,mq,sds_mo,,45,0.446331,0.465499,0.463079,0.47018,4.294570621,0.017958,0.464289,4.023,0.019921667,0.466252667,4.463,2.277624985,2.251987385,0.774257128
2/20/2024,,1771,carry_over,1,mq,sds_mo,,blank_hi,-0.003125,-0.009363,-0.009746,-0.009739,-0.006238,-0.0064295,-0.0095545,205.744,-0.006491,-0.009616,207.712,-50.15305205,-40.66466222,-2.278830908
2/20/2024,,1775,carry_over,1,mq,sds_mo,,blank_lo,-0.00804,-0.009229,-0.0092,-0.009668,-0.001189,-0.0011745,-0.0092145,14.608,-0.001325667,-0.009365667,16.488,-7.68732747,-7.710174841,-2.799902586
2/20/2024,131,1779,carry_over,1,mq,sds_mo,,45,0.458499,0.463169,0.46615,0.463249,1.018540935,0.0061605,0.4646595,1.344,0.005690333,0.464189333,1.241,0.833635137,0.683961335,0.365897728
2/20/2024,,1783,carry_over,1,mq,sds_mo,,blank_hi,0.00422,-0.00979,-0.008346,-0.008954,-0.01401,-0.013288,-0.009068,-314.882,-0.01325,-0.00903,-313.981,-166.1194894,-116.3339486,-8.028724176
2/20/2024,,1787,carry_over,1,mq,sds_mo,,blank_lo,-0.009383,-0.011425,-0.010769,-0.007984,-0.002042,-0.001714,-0.011097,18.267,-0.000676333,-0.010059333,7.208,-9.904557082,-15.46543048,-18.16199616
2/20/2024,132,1791,carry_over,1,mq,sds_mo,,45,0.453427,0.46494,0.471357,0.468183,2.539107728,0.0147215,0.4681485,3.247,0.014733,0.46816,3.249,1.961158224,1.683286856,0.685355824
2/20/2024,,1794,carry_over,1,mq,sds_mo,,blank_hi,0.001869,-0.00938,-0.009884,-0.012908,-0.011249,-0.011501,-0.009632,-615.356,-0.012593,-0.010724,-673.783,-114.5999237,-85.62035325,-17.79292432
2/20/2024,,1799,carry_over,1,mq,sds_mo,,blank_lo,-0.006276,-0.009184,-0.007059,-0.007492,-0.002908,-0.0018455,-0.0081215,29.406,-0.001635667,-0.007911667,26.062,-20.04606781,-16.37564161,-14.19348132
2/20/2024,133,1803,carry_over,1,mq,sds_mo,,45,0.448364,0.469215,0.464215,0.4523,4.650462571,0.018351,0.466715,4.093,0.013546,0.46191,3.021,2.363430019,2.139255241,1.881293647
2/20/2024,,1807,carry_over,1,mq,sds_mo,,blank_hi,0.003105,-0.006405,-0.008882,-0.009162,-0.00951,-0.0107485,-0.0076435,-346.167,-0.011254667,-0.008149667,-362.469,-155.837224,-107.985515,-18.61914044
2/20/2024,,1811,carry_over,1,mq,sds_car,,blank_lo,-0.008951,-0.009581,-0.009159,-0.10035,-0.00063,-0.000419,-0.00937,4.681,-0.030745667,-0.039696667,343.489,-3.477669848,-142.3312446,-132.3228263
2/20/2024,134,1815,carry_over,1,mq,sds_car,,45,0.430123,0.449442,0.446756,0.436956,4.491505918,0.017976,0.448099,4.179,0.014261667,0.444384667,3.316,2.367069884,2.024488568,1.478920849
2/20/2024,,1819,carry_over,1,mq,sds_car,,blank_hi,0.000251,-0.008666,-0.011162,-0.011072,-0.008917,-0.010165,-0.009914,-4049.801,-0.010551,-0.0103,-4203.586,-91.94451695,-70.48411682,-13.74563916
2/20/2024,,1823,sds_mo_seq,1,mq,sds_mo_seq,1,blank_lo,-0.008836,-0.009383,-0.008197,-0.010328,-0.000547,4.60E-05,-0.00879,-0.521,-0.000466667,-0.009302667,5.281,-6.741305476,-9.824884569,-11.47809436
2/20/2024,135,1827,sds_mo_seq,1,mq,sds_mo_seq,1,45,0.442757,0.446102,0.453298,0.449244,0.75549342,0.006943,0.4497,1.568,0.006791,0.449548,1.534,1.203987254,1.003708693,0.802499212
2/20/2024,,1831,sds_mo_seq,1,mq,sds_mo_seq,1,blank_hi,0.001687,-0.008105,-0.008002,-0.011483,-0.009792,-0.0097405,-0.0080535,-577.386,-0.010883667,-0.009196667,-645.149,-117.0024155,-87.66640439,-21.53706837
2/20/2024,,1835,sds_mo_seq,1,mq,sds_mo_seq,2,blank_lo,-0.00803,-0.010588,-0.011144,-0.009112,-0.002558,-0.002836,-0.010866,35.318,-0.002251333,-0.010281333,28.037,-16.74078826,-14.56019941,-10.21402317
2/20/2024,136,1839,sds_mo_seq,1,mq,sds_mo_seq,2,45,0.454067,0.464132,0.465132,0.468316,2.216633228,0.010565,0.464632,2.327,0.011793,0.46586,2.597,1.327266737,1.330807968,0.469011619
2/20/2024,,1843,sds_mo_seq,1,mq,sds_mo_seq,2,blank_hi,0.001572,-0.009257,-0.009354,-0.008634,-0.010829,-0.0108775,-0.0093055,-691.953,-0.010653667,-0.009081667,-677.714,-110.5754122,-83.14380783,-4.302212481
2/20/2024,,1879,carry_over,1,mq,sds_mo,,blank_lo,-0.009951,-0.011272,-0.01104,-0.010412,-0.001321,-0.001205,-0.011156,12.109,-0.000957,-0.010908,9.617,-6.558393656,-5.631246262,-4.078987445
2/20/2024,137,1883,carry_over,1,mq,sds_mo,,45,0.453547,0.459485,0.459669,0.475855,1.309235868,0.00603,0.459577,1.33,0.011456,0.465003,2.526,0.761120777,2.07209032,2.021182223
2/20/2024,,1887,carry_over,1,mq,sds_mo,,blank_hi,-0.003988,-0.009615,-0.011676,-0.009063,-0.005627,-0.0066575,-0.0106455,166.938,-0.00613,-0.010118,153.711,-47.22636885,-38.02649905,-13.6114544
2/20/2024,,1867,carry_over,1,mq,sds_mo,,blank_lo,-0.00489,-0.010525,-0.011738,-0.010785,-0.005635,-0.0062415,-0.0111315,127.638,-0.006126,-0.011016,125.276,-40.37359868,-32.75943891,-5.797399483
2/20/2024,138,1871,carry_over,1,mq,sds_mo,,45,0.462365,0.469072,0.462619,0.465507,1.450585576,0.0034805,0.4658455,0.753,0.003367667,0.465732667,0.728,0.8179916,0.67341592,0.694049102
2/20/2024,,1875,carry_over,1,mq,sds_mo,,blank_hi,0.000856,-0.008907,-0.009798,-0.010729,-0.009763,-0.0102085,-0.0093525,-1192.582,-0.010667333,-0.009811333,-1246.184,-99.34494738,-75.37675101,-9.285926242
2/21/2024,,1891,sds_mo_seq,1,mq,sds_mo_seq,0,Blank,-0.011278,-0.012215,-0.010812,-0.012191,-0.000937,-0.0002355,-0.0115135,2.088,-0.000461333,-0.011739333,4.091,-6.248842207,-5.980566342,-6.84181844
2/21/2024,139,1895,sds_mo_seq,1,mq,sds_mo_seq,0,9,0.073399,0.079054,0.075747,0.075303,7.704464638,0.0040015,0.0774005,5.452,0.003302333,0.076701333,4.499,3.734908367,3.098353972,2.672088923
2/21/2024,,1899,sds_mo_seq,1,mq,sds_mo_seq,0,27,0.261149,0.260992,0.261173,0.268842,-0.060118936,-6.65E-05,0.2610825,-0.025,0.00252,0.263669,0.965,0.037650549,1.471074357,1.699427472
2/21/2024,,1903,sds_mo_seq,1,mq,sds_mo_seq,0,45,0.438795,0.454137,0.445521,0.450147,3.496393532,0.011034,0.449829,2.515,0.01114,0.449935,2.539,1.723716442,1.473640044,0.958340756
2/21/2024,,1908,sds_mo_seq,1,mq,sds_mo_seq,1,Blank,-0.011875,-0.011019,-0.011838,-0.010699,0.000856,0.0004465,-0.0114285,-3.76,0.000689667,-0.011185333,-5.808,-4.179586216,-5.201130479,-5.251836213
2/21/2024,140,1912,sds_mo_seq,1,mq,sds_mo_seq,1,9,0.082967,0.085956,0.084723,0.082137,3.602637193,0.0023725,0.0853395,2.86,0.001305,0.084272,1.573,1.776617765,2.048890465,2.312791812
2/21/2024,,1916,sds_mo_seq,1,mq,sds_mo_seq,1,27,0.270698,0.275946,0.277904,0.276004,1.938691826,0.006227,0.276925,2.3,0.00592,0.276618,2.187,1.355678254,1.125479041,0.402752595
2/21/2024,,1920,sds_mo_seq,1,mq,sds_mo_seq,1,45,0.463432,0.475118,0.468235,0.472302,2.521621295,0.0082445,0.4716765,1.779,0.008453,0.471885,1.824,1.252594542,1.082209672,0.733313368
2/21/2024,,1924,sds_mo_seq,1,mq,sds_mo_seq,2,Blank,-0.00477,-0.010008,-0.010416,-0.010731,-0.005238,-0.005442,-0.010212,114.088,-0.005615,-0.010385,117.715,-37.49173445,-31.43279961,-3.490568293
2/21/2024,141,1942,sds_mo_seq,1,mq,sds_mo_seq,2,9,0.080993,0.084107,0.085107,0.084348,3.844776709,0.003614,0.084607,4.462,0.003527667,0.084520667,4.356,2.572608329,2.169538362,0.617460264
2/21/2024,,1932,sds_mo_seq,1,mq,sds_mo_seq,2,27,0.279762,0.274156,0.283239,0.281686,-2.003846126,-0.0010645,0.2786975,-0.381,-6.83E-05,0.279693667,-0.024,1.642307256,1.418202268,1.736977613
2/21/2024,,1936,sds_mo_seq,1,mq,sds_mo_seq,2,45,0.456211,0.464714,0.47324,0.458819,1.863830552,0.012766,0.468977,2.798,0.00938,0.465591,2.056,1.832172502,1.630361591,1.557244476
2/21/2024,,1946,sds_mo_seq,1,mq,sds_mo_seq,3,Blank,-0.008336,-0.009378,-0.009421,-0.010398,-0.001042,-0.0010635,-0.0093995,12.758,-0.001396333,-0.009732333,16.751,-6.792573949,-8.975568652,-5.927509944
2/21/2024,142,1950,sds_mo_seq,1,mq,sds_mo_seq,3,9,0.08477,0.086214,0.086859,0.087258,1.703432818,0.0017665,0.0865365,2.084,0.002007,0.086777,2.368,1.244552291,1.265486195,0.607082884
2/21/2024,,1954,sds_mo_seq,1,mq,sds_mo_seq,3,27,0.284101,0.281059,0.281176,0.277222,-1.070745967,-0.0029835,0.2811175,-1.05,-0.004282,0.279819,-1.507,0.610933822,1.004330094,0.804029984
2/21/2024,,1958,sds_mo_seq,1,mq,sds_mo_seq,3,45,0.456319,0.46806,0.477092,0.475126,2.572980744,0.016257,0.472576,3.563,0.017107,0.473426,3.749,2.229635514,2.00185199,1.003308159
2/21/2024,,1962,sds_mo_seq,1,mq,sds_mo_seq,4,Blank,-0.007955,-0.010661,-0.009181,-0.010787,-0.002706,-0.001966,-0.009921,24.714,-0.002254667,-0.010209667,28.343,-14.6237223,-13.91883568,-8.747360324
2/21/2024,143,1966,sds_mo_seq,1,mq,sds_mo_seq,4,9,0.085284,0.084811,0.085583,0.084108,-0.554617513,-8.70E-05,0.085197,-0.102,-0.00045,0.084834,-0.528,0.456732001,0.756987907,0.86966185
2/21/2024,,1970,sds_mo_seq,1,mq,sds_mo_seq,4,27,0.276356,0.285384,0.283015,0.28241,3.266800793,0.0078435,0.2841995,2.838,0.007247,0.283603,2.622,1.662303786,1.364148868,0.554216673
2/21/2024,,1974,sds_mo_seq,1,mq,sds_mo_seq,4,45,0.458762,0.482099,0.467122,0.472311,5.086951404,0.0158485,0.4746105,3.455,0.015082,0.473844,3.288,2.519309319,2.078114356,1.605016507
2/21/2024,,1978,sds_mo_seq,1,mq,sds_mo_seq,4,Blank,0.005791,-0.010729,-0.012032,-0.00962,-0.01652,-0.0171715,-0.0113805,-296.52,-0.016584667,-0.010793667,-286.387,-175.6397265,-125.6219474,-11.18525929
2/21/2024,143,1982,sds_mo_seq,1,mq,sds_mo_seq,4,9,0.081016,0.084885,0.086807,0.086163,4.775599882,0.00483,0.085846,5.962,0.004935667,0.085951667,6.092,3.501526541,3.061790352,1.138165978
2/21/2024,,1986,sds_mo_seq,1,mq,sds_mo_seq,4,27,0.270734,0.277645,0.281038,0.276218,2.552690094,0.0086075,0.2793415,3.179,0.007566333,0.278300333,2.795,1.899336282,1.551840438,0.889658773
2/21/2024,,1990,sds_mo_seq,1,mq,sds_mo_seq,4,45,0.463046,0.463044,0.471072,0.45975,-0.000431923,0.004012,0.467058,0.866,0.001576,0.464622,0.34,0.995100937,1.03824269,1.253409081
3/4/2024,,1994,carry_over,1,mq,sds_mo,,blank_lo,-0.011015,-0.010049,-0.007062,-0.008112,0.000966,0.0024595,-0.0085555,-22.329,0.002607333,-0.008407667,-23.671,-21.98115161,-19.83883412,-18.02272737
3/4/2024,,1998,carry_over,1,mq,sds_mo,,45,0.455951,0.455355,0.464001,0.463478,-0.130715801,0.003727,0.459678,0.817,0.004993667,0.460944667,1.095,1.053348197,1.018053137,1.051720881
3/4/2024,,2002,carry_over,1,mq,sds_mo,,blank_hi,0.004297,-0.008042,-0.008153,-0.009692,-0.012339,-0.0123945,-0.0080975,-288.445,-0.012926,-0.008629,-300.815,-180.4383039,-120.5506279,-10.68787197
3/4/2024,144,2006,sds_mo_seq,2,mq,sds_mo_seq,3,45,0.455728,0.462317,0.460254,0.453808,1.445818558,0.0055575,0.4612855,1.219,0.003065,0.458793,0.673,0.733589071,0.859086058,0.967463609
3/4/2024,,2010,carry_over,1,mq,sds_mo,,blank_lo,0.004027,-0.007876,-0.009288,-0.008753,-0.011903,-0.012609,-0.008582,-313.111,-0.012666,-0.008639,-314.527,-167.0236027,-116.211816,-8.25176008
3/4/2024,,2014,carry_over,1,mq,sds_mo,,45,0.46063,0.461661,0.469822,0.465903,0.223823893,0.0051115,0.4657415,1.11,0.005165333,0.465795333,1.121,1.085220961,0.907676358,0.876257208
3/4/2024,,2018,carry_over,1,mq,sds_mo,,blank_hi,0.002799,-0.008566,-0.009282,0.009329,-0.011365,-0.011723,-0.008924,-418.828,-0.005638667,-0.002839667,-201.453,-135.1134013,-633.5228506,-371.3271581
3/4/2024,145,1946,cal_curve,2,mq,sds_both,,Blank,-0.008336,-0.009378,-0.009421,-0.010398,-0.001042,-0.0010635,-0.0093995,12.758,-0.001396333,-0.009732333,16.751,-6.792573949,-8.975568652,-5.927509944
3/4/2024,145,1950,cal_curve,2,mq,sds_both,,9,0.08477,0.086214,0.086859,0.087258,1.703432818,0.0017665,0.0865365,2.084,0.002007,0.086777,2.368,1.244552291,1.265486195,0.607082884
3/4/2024,145,1954,cal_curve,2,mq,sds_both,,27,0.284101,0.281059,0.281176,0.277222,-1.070745967,-0.0029835,0.2811175,-1.05,-0.004282,0.279819,-1.507,0.610933822,1.004330094,0.804029984
3/4/2024,145,1958,cal_curve,2,mq,sds_both,,45,0.456319,0.46806,0.477092,0.475126,2.572980744,0.016257,0.472576,3.563,0.017107,0.473426,3.749,2.229635514,2.00185199,1.003308159
3/4/2024,146,1978,cal_curve,2,mq,sds_both,,Blank,0.005791,-0.010729,-0.012032,-0.00962,-0.01652,-0.0171715,-0.0113805,-296.52,-0.016584667,-0.010793667,-286.387,-175.6397265,-125.6219474,-11.18525929
3/4/2024,146,1982,cal_curve,2,mq,sds_both,,9,0.081016,0.084885,0.086807,0.086163,4.775599882,0.00483,0.085846,5.962,0.004935667,0.085951667,6.092,3.501526541,3.061790352,1.138165978
3/4/2024,146,1986,cal_curve,2,mq,sds_both,,27,0.270734,0.277645,0.281038,0.276218,2.552690094,0.0086075,0.2793415,3.179,0.007566333,0.278300333,2.795,1.899336282,1.551840438,0.889658773
3/4/2024,146,1990,cal_curve,2,mq,sds_both,,45,0.463046,0.463044,0.471072,0.45975,-0.000431923,0.004012,0.467058,0.866,0.001576,0.464622,0.34,0.995100937,1.03824269,1.253409081
3/4/2024,147,1994,carry_over,1,mq,sds_both,,blank_lo,-0.011015,-0.010049,-0.007062,-0.008112,0.000966,0.0024595,-0.0085555,-22.329,0.002607333,-0.008407667,-23.671,-21.98115161,-19.83883412,-18.02272737
3/4/2024,147,1998,carry_over,1,mq,sds_both,,45,0.455951,0.455355,0.464001,0.463478,-0.130715801,0.003727,0.459678,0.817,0.004993667,0.460944667,1.095,1.053348197,1.018053137,1.051720881
3/4/2024,147,2002,carry_over,1,mq,sds_both,,blank_hi,0.004297,-0.008042,-0.008153,-0.009692,-0.012339,-0.0123945,-0.0080975,-288.445,-0.012926,-0.008629,-300.815,-180.4383039,-120.5506279,-10.68787197
3/4/2024,147,2006,carry_over,1,mq,sds_both,,45,0.455728,0.462317,0.460254,0.453808,1.445818558,0.0055575,0.4612855,1.219,0.003065,0.458793,0.673,0.733589071,0.859086058,0.967463609
3/4/2024,147,2010,carry_over,1,mq,sds_both,,blank_hi,0.004027,-0.007876,-0.009288,-0.008753,-0.011903,-0.012609,-0.008582,-313.111,-0.012666,-0.008639,-314.527,-167.0236027,-116.211816,-8.25176008
3/4/2024,147,2014,carry_over,1,mq,sds_both,,45,0.46063,0.461661,0.469822,0.465903,0.223823893,0.0051115,0.4657415,1.11,0.005165333,0.465795333,1.121,1.085220961,0.907676358,0.876257208
3/4/2024,147,2018,carry_over,1,mq,sds_both,,blank_hi,0.002799,-0.008566,-0.009282,-0.009329,-0.011365,-0.011723,-0.008924,-418.828,-0.011858,-0.009059,-423.651,-135.1134013,-97.45295702,-4.720132163
4/4/2024,148,55,sds_both_cold,1,mq,sds_both_cold,,blank_lo,-0.005063,-0.004436,-0.005259,N/A,0.000627,0.0002155,-0.0048475,-4.256,0.0002155,-0.0048475,-4.256,-8.738949382,-8.738949382,-12.00513421
4/4/2024,148,58,sds_both_cold,1,mq,sds_both_cold,,36,0.756058,0.759512,0.774876,N/A,0.456843258,0.011136,0.767194,1.473,0.011136,0.767194,1.473,1.312078414,1.312078414,1.416067981
4/4/2024,148,61,sds_both_cold,1,mq,sds_both_cold,,blank_hi,-0.000564,-0.00653,-0.010377,N/A,-0.005966,-0.0078895,-0.0084535,1398.848,-0.0078895,-0.0084535,1398.848,-84.90328025,-84.90328025,-32.17885831
4/4/2024,149,64,sds_both_cold,1,mq,sds_both_cold,,blank_lo,-0.008875,-0.000436,-0.003595,0.003738,0.008439,0.0068595,-0.0020155,-77.29,0.008777333,-9.77E-05,-98.899,-99.10952372,-232.0189113,-3766.063824
4/4/2024,149,68,sds_both_cold,1,mq,sds_both_cold,,36,0.763607,0.770225,0.772582,0.769464,0.866676183,0.0077965,0.7714035,1.021,0.00715,0.770757,0.936,0.605228851,0.495917906,0.210916464
4/4/2024,149,72,sds_both_cold,1,mq,sds_both_cold,,blank_hi,0.001035,-0.007794,-0.005599,-0.007097,-0.008829,-0.0077315,-0.0066965,-747.005,-0.007865,-0.00683,-759.903,-111.5890242,-83.01665873,-16.4215806
4/4/2024,150,76,sds_both_cold,1,mq,sds_both_cold,,blank_lo,-0.006933,0.003411,-0.0022,-0.004524,0.010344,0.0075385,0.0006055,-108.734,0.005828667,-0.001104333,-84.071,-271.4893396,-172.7811912,-369.3984034
4/4/2024,150,80,sds_both_cold,1,mq,sds_both_cold,,36,0.774676,0.786127,0.782979,0.781415,1.478166356,0.009877,0.784553,1.275,0.008831,0.783507,1.14,0.757203003,0.618302022,0.306310388
4/4/2024,150,84,sds_both_cold,1,mq,sds_both_cold,,blank_hi,0.005931,-0.005931,-0.0019,-0.004201,-0.011862,-0.0098465,-0.0039155,-166.018,-0.009941667,-0.004010667,-167.622,-952.3565305,-343.4116865,-50.42126955
